ISO-10303-21;
HEADER;
FILE_DESCRIPTION((''),'2;1');
FILE_NAME('C-0282812-02-3','2007-11-12T',('workeradm'),(
'Tyco Electronics Corporation'),
'PRO/ENGINEER BY PARAMETRIC TECHNOLOGY CORPORATION, 2005450',
'PRO/ENGINEER BY PARAMETRIC TECHNOLOGY CORPORATION, 2005450','');
FILE_SCHEMA(('CONFIG_CONTROL_DESIGN', 'GEOMETRIC_VALIDATION_PROPERTIES_MIM'));
ENDSEC;
DATA;
#1=DRAUGHTING_PRE_DEFINED_COLOUR('black');
#2=COLOUR_RGB('',0.E0,0.E0,3.6E-1);
#3=COLOUR_RGB('',0.E0,0.E0,4.8E-1);
#4=DRAUGHTING_PRE_DEFINED_COLOUR('blue');
#5=COLOUR_RGB('',0.E0,3.6E-1,9.E-2);
#6=COLOUR_RGB('',0.E0,3.6E-1,2.7E-1);
#7=COLOUR_RGB('',0.E0,5.6E-1,6.4E-1);
#8=COLOUR_RGB('',0.E0,5.8E-1,8.E-1);
#9=COLOUR_RGB('',0.E0,7.1E-1,6.6E-1);
#10=COLOUR_RGB('',0.E0,7.13E-1,0.E0);
#11=COLOUR_RGB('',0.E0,9.5E-1,8.4E-1);
#12=DRAUGHTING_PRE_DEFINED_COLOUR('green');
#13=DRAUGHTING_PRE_DEFINED_COLOUR('cyan');
#14=COLOUR_RGB('',4.E-2,0.E0,1.6E-1);
#15=COLOUR_RGB('',9.E-2,0.E0,1.2E-1);
#16=COLOUR_RGB('',1.E-1,0.E0,2.5E-1);
#17=COLOUR_RGB('',1.6E-1,3.2E-2,0.E0);
#18=COLOUR_RGB('',1.6E-1,4.6E-1,6.5E-1);
#19=COLOUR_RGB('',1.6E-1,1.E0,1.6E-1);
#20=COLOUR_RGB('',2.E-1,3.2E-2,0.E0);
#21=COLOUR_RGB('',3.1E-1,3.1E-1,5.6E-1);
#22=COLOUR_RGB('',3.2E-1,1.5E-1,0.E0);
#23=COLOUR_RGB('',4.E-1,4.E-1,4.E-1);
#24=COLOUR_RGB('',4.2E-1,4.2E-1,1.E0);
#25=COLOUR_RGB('',4.4E-1,8.5E-1,1.E0);
#26=COLOUR_RGB('',4.9E-1,4.9E-1,0.E0);
#27=COLOUR_RGB('',4.9E-1,1.E0,0.E0);
#28=COLOUR_RGB('',5.E-1,0.E0,0.E0);
#29=COLOUR_RGB('',5.E-1,0.E0,2.3E-1);
#30=COLOUR_RGB('',5.E-1,5.E-1,5.E-1);
#31=COLOUR_RGB('',5.3E-1,0.E0,0.E0);
#32=COLOUR_RGB('',5.4E-1,0.E0,4.4E-1);
#33=COLOUR_RGB('',5.5E-1,3.E-1,0.E0);
#34=COLOUR_RGB('',5.6E-1,1.E-1,5.E-2);
#35=COLOUR_RGB('',5.8E-1,2.2E-1,1.E-2);
#36=COLOUR_RGB('',6.E-1,6.E-1,6.E-1);
#37=COLOUR_RGB('',6.2E-1,0.E0,5.5E-1);
#38=COLOUR_RGB('',6.4E-1,0.E0,2.5E-1);
#39=COLOUR_RGB('',6.4E-1,1.E-2,0.E0);
#40=COLOUR_RGB('',6.8E-1,7.5E-1,1.E0);
#41=COLOUR_RGB('',7.1E-1,3.1E-1,0.E0);
#42=COLOUR_RGB('',7.2E-1,7.2E-1,7.2E-1);
#43=COLOUR_RGB('',7.4E-1,1.E0,2.6E-1);
#44=COLOUR_RGB('',7.5E-1,3.E-2,0.E0);
#45=COLOUR_RGB('',7.6E-1,0.E0,4.7E-1);
#46=COLOUR_RGB('',8.1E-1,4.E-2,0.E0);
#47=COLOUR_RGB('',8.1E-1,6.1E-1,0.E0);
#48=COLOUR_RGB('',8.2E-1,4.E-2,6.6E-1);
#49=COLOUR_RGB('',8.5E-1,8.5E-1,8.5E-1);
#50=COLOUR_RGB('',8.784E-1,9.49E-1,1.E0);
#51=COLOUR_RGB('',9.E-1,1.E0,0.E0);
#52=COLOUR_RGB('',9.37E-1,7.85E-1,0.E0);
#53=COLOUR_RGB('',9.5E-1,2.2E-1,8.1E-1);
#54=COLOUR_RGB('',9.6E-1,3.7E-1,3.E-1);
#55=COLOUR_RGB('',9.6E-1,7.1E-1,3.75E-1);
#56=DRAUGHTING_PRE_DEFINED_COLOUR('red');
#57=COLOUR_RGB('',1.E0,0.E0,6.1E-1);
#58=COLOUR_RGB('',1.E0,4.E-2,0.E0);
#59=COLOUR_RGB('',1.E0,2.3E-1,0.E0);
#60=COLOUR_RGB('',1.E0,3.5E-1,5.2E-1);
#61=COLOUR_RGB('',1.E0,3.6E-1,0.E0);
#62=COLOUR_RGB('',1.E0,4.9E-1,3.7E-1);
#63=COLOUR_RGB('',1.E0,5.E-1,0.E0);
#64=COLOUR_RGB('',1.E0,5.6E-1,7.8E-1);
#65=COLOUR_RGB('',1.E0,6.4E-1,4.9E-1);
#66=COLOUR_RGB('',1.E0,6.7E-1,0.E0);
#67=COLOUR_RGB('',1.E0,7.6E-1,6.5E-1);
#68=COLOUR_RGB('',1.E0,8.6E-1,4.E-2);
#69=COLOUR_RGB('',1.E0,9.8E-1,7.2E-1);
#70=DRAUGHTING_PRE_DEFINED_COLOUR('yellow');
#71=DRAUGHTING_PRE_DEFINED_COLOUR('white');
#72=DIRECTION('',(0.E0,-1.625162602129E-1,-9.867058655782E-1));
#73=VECTOR('',#72,1.722904524343E0);
#74=CARTESIAN_POINT('',(-5.E0,2.68E0,0.E0));
#75=LINE('',#74,#73);
#76=DIRECTION('',(0.E0,0.E0,-1.E0));
#77=VECTOR('',#76,6.8E0);
#78=CARTESIAN_POINT('',(-5.E0,2.4E0,-1.7E0));
#79=LINE('',#78,#77);
#80=DIRECTION('',(0.E0,-1.E0,0.E0));
#81=VECTOR('',#80,5.2E0);
#82=CARTESIAN_POINT('',(-5.E0,2.4E0,-8.5E0));
#83=LINE('',#82,#81);
#84=DIRECTION('',(0.E0,0.E0,1.E0));
#85=VECTOR('',#84,7.5E0);
#86=CARTESIAN_POINT('',(-5.E0,-2.8E0,-8.5E0));
#87=LINE('',#86,#85);
#88=DIRECTION('',(0.E0,-3.303504247281E-1,9.438583563660E-1));
#89=VECTOR('',#88,1.059481005021E0);
#90=CARTESIAN_POINT('',(-5.E0,-2.8E0,-1.E0));
#91=LINE('',#90,#89);
#92=DIRECTION('',(0.E0,-1.E0,0.E0));
#93=VECTOR('',#92,1.E0);
#94=CARTESIAN_POINT('',(-5.E0,-3.15E0,0.E0));
#95=LINE('',#94,#93);
#96=DIRECTION('',(0.E0,-3.303504247281E-1,-9.438583563660E-1));
#97=VECTOR('',#96,1.059481005021E0);
#98=CARTESIAN_POINT('',(-5.E0,-4.15E0,0.E0));
#99=LINE('',#98,#97);
#100=DIRECTION('',(0.E0,0.E0,-1.E0));
#101=VECTOR('',#100,1.7E0);
#102=CARTESIAN_POINT('',(-5.E0,-4.5E0,-1.E0));
#103=LINE('',#102,#101);
#104=DIRECTION('',(0.E0,1.E0,0.E0));
#105=VECTOR('',#104,7.5E-1);
#106=CARTESIAN_POINT('',(-5.E0,-4.5E0,-2.7E0));
#107=LINE('',#106,#105);
#108=DIRECTION('',(0.E0,0.E0,-1.E0));
#109=VECTOR('',#108,9.3E0);
#110=CARTESIAN_POINT('',(-5.E0,-3.75E0,-2.7E0));
#111=LINE('',#110,#109);
#112=DIRECTION('',(0.E0,1.E0,0.E0));
#113=VECTOR('',#112,7.6E0);
#114=CARTESIAN_POINT('',(-5.E0,-3.75E0,-1.2E1));
#115=LINE('',#114,#113);
#116=DIRECTION('',(0.E0,0.E0,1.E0));
#117=VECTOR('',#116,9.4E0);
#118=CARTESIAN_POINT('',(-5.E0,3.85E0,-1.2E1));
#119=LINE('',#118,#117);
#120=DIRECTION('',(0.E0,-1.E0,0.E0));
#121=VECTOR('',#120,7.E-2);
#122=CARTESIAN_POINT('',(-5.E0,3.85E0,-2.6E0));
#123=LINE('',#122,#121);
#124=DIRECTION('',(0.E0,0.E0,1.E0));
#125=VECTOR('',#124,2.6E0);
#126=CARTESIAN_POINT('',(-5.E0,3.78E0,-2.6E0));
#127=LINE('',#126,#125);
#128=DIRECTION('',(0.E0,-1.E0,0.E0));
#129=VECTOR('',#128,1.1E0);
#130=CARTESIAN_POINT('',(-5.E0,3.78E0,0.E0));
#131=LINE('',#130,#129);
#132=CARTESIAN_POINT('',(4.430388561922E0,2.4E0,-1.7E0));
#133=CARTESIAN_POINT('',(4.313341163189E0,2.494144566549E0,-1.128407988809E0));
#134=CARTESIAN_POINT('',(4.180896793632E0,2.587678379782E0,-5.605241227512E-1));
#135=CARTESIAN_POINT('',(4.017893276881E0,2.68E0,0.E0));
#137=DIRECTION('',(1.E0,0.E0,0.E0));
#138=VECTOR('',#137,9.821067231192E-1);
#139=CARTESIAN_POINT('',(4.017893276881E0,2.68E0,0.E0));
#140=LINE('',#139,#138);
#141=CARTESIAN_POINT('',(-5.696114380778E-1,2.4E0,-1.7E0));
#142=CARTESIAN_POINT('',(-6.866588368114E-1,2.494144566549E0,
-1.128407988809E0));
#143=CARTESIAN_POINT('',(-8.191032063685E-1,2.587678379782E0,
-5.605241227512E-1));
#144=CARTESIAN_POINT('',(-9.821067231192E-1,2.68E0,0.E0));
#146=DIRECTION('',(1.E0,0.E0,0.E0));
#147=VECTOR('',#146,1.964213446238E0);
#148=CARTESIAN_POINT('',(-9.821067231192E-1,2.68E0,0.E0));
#149=LINE('',#148,#147);
#150=CARTESIAN_POINT('',(9.821067231192E-1,2.68E0,0.E0));
#151=CARTESIAN_POINT('',(8.191032063685E-1,2.587678379782E0,
-5.605241227512E-1));
#152=CARTESIAN_POINT('',(6.866588368114E-1,2.494144566549E0,-1.128407988809E0));
#153=CARTESIAN_POINT('',(5.696114380778E-1,2.4E0,-1.7E0));
#155=CARTESIAN_POINT('',(-4.017893276881E0,2.68E0,0.E0));
#156=CARTESIAN_POINT('',(-4.180896793632E0,2.587678379782E0,
-5.605241227512E-1));
#157=CARTESIAN_POINT('',(-4.313341163189E0,2.494144566549E0,-1.128407988809E0));
#158=CARTESIAN_POINT('',(-4.430388561922E0,2.4E0,-1.7E0));
#160=DIRECTION('',(1.E0,0.E0,0.E0));
#161=VECTOR('',#160,9.821067231192E-1);
#162=CARTESIAN_POINT('',(-5.E0,2.68E0,0.E0));
#163=LINE('',#162,#161);
#164=DIRECTION('',(0.E0,0.E0,1.E0));
#165=VECTOR('',#164,6.8E0);
#166=CARTESIAN_POINT('',(4.430388561922E0,2.4E0,-8.5E0));
#167=LINE('',#166,#165);
#168=DIRECTION('',(1.E0,0.E0,0.E0));
#169=VECTOR('',#168,5.696114380778E-1);
#170=CARTESIAN_POINT('',(4.430388561922E0,2.4E0,-1.7E0));
#171=LINE('',#170,#169);
#172=DIRECTION('',(0.E0,0.E0,1.E0));
#173=VECTOR('',#172,6.8E0);
#174=CARTESIAN_POINT('',(-5.696114380778E-1,2.4E0,-8.5E0));
#175=LINE('',#174,#173);
#176=DIRECTION('',(1.E0,0.E0,0.E0));
#177=VECTOR('',#176,1.139222876156E0);
#178=CARTESIAN_POINT('',(-5.696114380778E-1,2.4E0,-1.7E0));
#179=LINE('',#178,#177);
#180=DIRECTION('',(0.E0,0.E0,1.E0));
#181=VECTOR('',#180,6.8E0);
#182=CARTESIAN_POINT('',(5.696114380778E-1,2.4E0,-8.5E0));
#183=LINE('',#182,#181);
#184=DIRECTION('',(0.E0,0.E0,1.E0));
#185=VECTOR('',#184,6.8E0);
#186=CARTESIAN_POINT('',(-4.430388561922E0,2.4E0,-8.5E0));
#187=LINE('',#186,#185);
#188=DIRECTION('',(1.E0,0.E0,0.E0));
#189=VECTOR('',#188,5.696114380778E-1);
#190=CARTESIAN_POINT('',(-5.E0,2.4E0,-1.7E0));
#191=LINE('',#190,#189);
#192=DIRECTION('',(0.E0,-1.625162602129E-1,-9.867058655782E-1));
#193=VECTOR('',#192,1.722904524343E0);
#194=CARTESIAN_POINT('',(5.E0,2.68E0,0.E0));
#195=LINE('',#194,#193);
#196=DIRECTION('',(0.E0,-1.E0,0.E0));
#197=VECTOR('',#196,1.1E0);
#198=CARTESIAN_POINT('',(5.E0,3.78E0,0.E0));
#199=LINE('',#198,#197);
#200=DIRECTION('',(0.E0,0.E0,1.E0));
#201=VECTOR('',#200,2.6E0);
#202=CARTESIAN_POINT('',(5.E0,3.78E0,-2.6E0));
#203=LINE('',#202,#201);
#204=DIRECTION('',(0.E0,-1.E0,0.E0));
#205=VECTOR('',#204,7.E-2);
#206=CARTESIAN_POINT('',(5.E0,3.85E0,-2.6E0));
#207=LINE('',#206,#205);
#208=DIRECTION('',(0.E0,0.E0,1.E0));
#209=VECTOR('',#208,9.4E0);
#210=CARTESIAN_POINT('',(5.E0,3.85E0,-1.2E1));
#211=LINE('',#210,#209);
#212=DIRECTION('',(0.E0,1.E0,0.E0));
#213=VECTOR('',#212,7.6E0);
#214=CARTESIAN_POINT('',(5.E0,-3.75E0,-1.2E1));
#215=LINE('',#214,#213);
#216=DIRECTION('',(0.E0,0.E0,-1.E0));
#217=VECTOR('',#216,9.3E0);
#218=CARTESIAN_POINT('',(5.E0,-3.75E0,-2.7E0));
#219=LINE('',#218,#217);
#220=DIRECTION('',(0.E0,1.E0,0.E0));
#221=VECTOR('',#220,7.5E-1);
#222=CARTESIAN_POINT('',(5.E0,-4.5E0,-2.7E0));
#223=LINE('',#222,#221);
#224=DIRECTION('',(0.E0,0.E0,-1.E0));
#225=VECTOR('',#224,1.7E0);
#226=CARTESIAN_POINT('',(5.E0,-4.5E0,-1.E0));
#227=LINE('',#226,#225);
#228=DIRECTION('',(0.E0,-3.303504247281E-1,-9.438583563660E-1));
#229=VECTOR('',#228,1.059481005021E0);
#230=CARTESIAN_POINT('',(5.E0,-4.15E0,0.E0));
#231=LINE('',#230,#229);
#232=DIRECTION('',(0.E0,-1.E0,0.E0));
#233=VECTOR('',#232,1.E0);
#234=CARTESIAN_POINT('',(5.E0,-3.15E0,0.E0));
#235=LINE('',#234,#233);
#236=DIRECTION('',(0.E0,-3.303504247281E-1,9.438583563660E-1));
#237=VECTOR('',#236,1.059481005021E0);
#238=CARTESIAN_POINT('',(5.E0,-2.8E0,-1.E0));
#239=LINE('',#238,#237);
#240=DIRECTION('',(0.E0,0.E0,1.E0));
#241=VECTOR('',#240,7.5E0);
#242=CARTESIAN_POINT('',(5.E0,-2.8E0,-8.5E0));
#243=LINE('',#242,#241);
#244=DIRECTION('',(0.E0,-1.E0,0.E0));
#245=VECTOR('',#244,5.2E0);
#246=CARTESIAN_POINT('',(5.E0,2.4E0,-8.5E0));
#247=LINE('',#246,#245);
#248=DIRECTION('',(0.E0,0.E0,-1.E0));
#249=VECTOR('',#248,6.8E0);
#250=CARTESIAN_POINT('',(5.E0,2.4E0,-1.7E0));
#251=LINE('',#250,#249);
#252=CARTESIAN_POINT('',(-2.5E0,0.E0,0.E0));
#253=DIRECTION('',(0.E0,0.E0,1.E0));
#254=DIRECTION('',(4.928224924938E-1,8.701298701299E-1,0.E0));
#255=AXIS2_PLACEMENT_3D('',#252,#253,#254);
#257=DIRECTION('',(1.E0,0.E0,0.E0));
#258=VECTOR('',#257,1.E1);
#259=CARTESIAN_POINT('',(-5.E0,3.78E0,0.E0));
#260=LINE('',#259,#258);
#261=CARTESIAN_POINT('',(2.5E0,0.E0,0.E0));
#262=DIRECTION('',(0.E0,0.E0,1.E0));
#263=DIRECTION('',(4.928224924938E-1,8.701298701299E-1,0.E0));
#264=AXIS2_PLACEMENT_3D('',#261,#262,#263);
#266=DIRECTION('',(1.E0,0.E0,0.E0));
#267=VECTOR('',#266,5.696114380778E-1);
#268=CARTESIAN_POINT('',(-5.E0,2.4E0,-8.5E0));
#269=LINE('',#268,#267);
#270=CARTESIAN_POINT('',(-2.5E0,0.E0,-8.5E0));
#271=DIRECTION('',(0.E0,0.E0,1.E0));
#272=DIRECTION('',(6.267495330916E-1,7.792207792208E-1,0.E0));
#273=AXIS2_PLACEMENT_3D('',#270,#271,#272);
#275=DIRECTION('',(1.E0,0.E0,0.E0));
#276=VECTOR('',#275,1.139222876156E0);
#277=CARTESIAN_POINT('',(-5.696114380778E-1,2.4E0,-8.5E0));
#278=LINE('',#277,#276);
#279=CARTESIAN_POINT('',(2.5E0,0.E0,-8.5E0));
#280=DIRECTION('',(0.E0,0.E0,1.E0));
#281=DIRECTION('',(6.267495330916E-1,7.792207792208E-1,0.E0));
#282=AXIS2_PLACEMENT_3D('',#279,#280,#281);
#284=DIRECTION('',(1.E0,0.E0,0.E0));
#285=VECTOR('',#284,5.696114380778E-1);
#286=CARTESIAN_POINT('',(4.430388561922E0,2.4E0,-8.5E0));
#287=LINE('',#286,#285);
#288=CARTESIAN_POINT('',(2.5E0,0.E0,-8.5E0));
#289=DIRECTION('',(0.E0,0.E0,-1.E0));
#290=DIRECTION('',(0.E0,1.E0,0.E0));
#291=AXIS2_PLACEMENT_3D('',#288,#289,#290);
#293=CARTESIAN_POINT('',(2.5E0,0.E0,-8.5E0));
#294=DIRECTION('',(0.E0,0.E0,-1.E0));
#295=DIRECTION('',(0.E0,-1.E0,0.E0));
#296=AXIS2_PLACEMENT_3D('',#293,#294,#295);
#298=CARTESIAN_POINT('',(-2.5E0,0.E0,-8.5E0));
#299=DIRECTION('',(0.E0,0.E0,-1.E0));
#300=DIRECTION('',(0.E0,1.E0,0.E0));
#301=AXIS2_PLACEMENT_3D('',#298,#299,#300);
#303=CARTESIAN_POINT('',(-2.5E0,0.E0,-8.5E0));
#304=DIRECTION('',(0.E0,0.E0,-1.E0));
#305=DIRECTION('',(0.E0,-1.E0,0.E0));
#306=AXIS2_PLACEMENT_3D('',#303,#304,#305);
#308=DIRECTION('',(1.E0,0.E0,0.E0));
#309=VECTOR('',#308,1.1E0);
#310=CARTESIAN_POINT('',(-3.05E0,-2.8E0,-1.E0));
#311=LINE('',#310,#309);
#312=DIRECTION('',(1.E0,0.E0,0.E0));
#313=VECTOR('',#312,1.E1);
#314=CARTESIAN_POINT('',(-5.E0,-2.8E0,-8.5E0));
#315=LINE('',#314,#313);
#316=DIRECTION('',(1.E0,0.E0,0.E0));
#317=VECTOR('',#316,1.1E0);
#318=CARTESIAN_POINT('',(1.95E0,-2.8E0,-1.E0));
#319=LINE('',#318,#317);
#320=DIRECTION('',(0.E0,1.E0,0.E0));
#321=VECTOR('',#320,1.7E0);
#322=CARTESIAN_POINT('',(-3.05E0,-4.5E0,-1.E0));
#323=LINE('',#322,#321);
#324=DIRECTION('',(0.E0,1.E0,0.E0));
#325=VECTOR('',#324,1.7E0);
#326=CARTESIAN_POINT('',(-1.95E0,-4.5E0,-1.E0));
#327=LINE('',#326,#325);
#328=DIRECTION('',(1.854955583041E-1,-3.246172270321E-1,9.274777915203E-1));
#329=VECTOR('',#328,1.078192932642E0);
#330=CARTESIAN_POINT('',(3.05E0,-2.8E0,-1.E0));
#331=LINE('',#330,#329);
#332=DIRECTION('',(1.E0,0.E0,0.E0));
#333=VECTOR('',#332,1.95E0);
#334=CARTESIAN_POINT('',(3.05E0,-2.8E0,-1.E0));
#335=LINE('',#334,#333);
#336=DIRECTION('',(-1.854955583041E-1,-3.246172270321E-1,9.274777915203E-1));
#337=VECTOR('',#336,1.078192932642E0);
#338=CARTESIAN_POINT('',(-3.05E0,-2.8E0,-1.E0));
#339=LINE('',#338,#337);
#340=DIRECTION('',(1.E0,0.E0,0.E0));
#341=VECTOR('',#340,1.95E0);
#342=CARTESIAN_POINT('',(-5.E0,-2.8E0,-1.E0));
#343=LINE('',#342,#341);
#344=DIRECTION('',(1.854955583041E-1,-3.246172270321E-1,9.274777915203E-1));
#345=VECTOR('',#344,1.078192932642E0);
#346=CARTESIAN_POINT('',(-1.95E0,-2.8E0,-1.E0));
#347=LINE('',#346,#345);
#348=DIRECTION('',(1.E0,0.E0,0.E0));
#349=VECTOR('',#348,3.9E0);
#350=CARTESIAN_POINT('',(-1.95E0,-2.8E0,-1.E0));
#351=LINE('',#350,#349);
#352=DIRECTION('',(-1.854955583041E-1,-3.246172270321E-1,9.274777915203E-1));
#353=VECTOR('',#352,1.078192932642E0);
#354=CARTESIAN_POINT('',(1.95E0,-2.8E0,-1.E0));
#355=LINE('',#354,#353);
#356=DIRECTION('',(0.E0,1.E0,0.E0));
#357=VECTOR('',#356,1.7E0);
#358=CARTESIAN_POINT('',(3.05E0,-4.5E0,-1.E0));
#359=LINE('',#358,#357);
#360=DIRECTION('',(0.E0,1.E0,0.E0));
#361=VECTOR('',#360,1.7E0);
#362=CARTESIAN_POINT('',(1.95E0,-4.5E0,-1.E0));
#363=LINE('',#362,#361);
#364=DIRECTION('',(1.E0,0.E0,0.E0));
#365=VECTOR('',#364,1.1E0);
#366=CARTESIAN_POINT('',(-3.05E0,-4.5E0,-1.E0));
#367=LINE('',#366,#365);
#368=DIRECTION('',(1.E0,0.E0,0.E0));
#369=VECTOR('',#368,3.9E0);
#370=CARTESIAN_POINT('',(-1.95E0,-4.5E0,-1.E0));
#371=LINE('',#370,#369);
#372=DIRECTION('',(1.E0,0.E0,0.E0));
#373=VECTOR('',#372,1.1E0);
#374=CARTESIAN_POINT('',(1.95E0,-4.5E0,-1.E0));
#375=LINE('',#374,#373);
#376=DIRECTION('',(1.E0,0.E0,0.E0));
#377=VECTOR('',#376,1.95E0);
#378=CARTESIAN_POINT('',(3.05E0,-4.5E0,-1.E0));
#379=LINE('',#378,#377);
#380=DIRECTION('',(1.E0,0.E0,0.E0));
#381=VECTOR('',#380,1.95E0);
#382=CARTESIAN_POINT('',(-5.E0,-4.5E0,-1.E0));
#383=LINE('',#382,#381);
#384=DIRECTION('',(-1.854955583041E-1,-3.246172270321E-1,-9.274777915203E-1));
#385=VECTOR('',#384,1.078192932642E0);
#386=CARTESIAN_POINT('',(3.25E0,-4.15E0,0.E0));
#387=LINE('',#386,#385);
#388=DIRECTION('',(1.E0,0.E0,0.E0));
#389=VECTOR('',#388,1.75E0);
#390=CARTESIAN_POINT('',(3.25E0,-4.15E0,0.E0));
#391=LINE('',#390,#389);
#392=DIRECTION('',(1.854955583041E-1,-3.246172270321E-1,-9.274777915203E-1));
#393=VECTOR('',#392,1.078192932642E0);
#394=CARTESIAN_POINT('',(-3.25E0,-4.15E0,0.E0));
#395=LINE('',#394,#393);
#396=DIRECTION('',(1.E0,0.E0,0.E0));
#397=VECTOR('',#396,1.75E0);
#398=CARTESIAN_POINT('',(-5.E0,-4.15E0,0.E0));
#399=LINE('',#398,#397);
#400=DIRECTION('',(-1.854955583041E-1,-3.246172270321E-1,-9.274777915203E-1));
#401=VECTOR('',#400,1.078192932642E0);
#402=CARTESIAN_POINT('',(-1.75E0,-4.15E0,0.E0));
#403=LINE('',#402,#401);
#404=DIRECTION('',(1.E0,0.E0,0.E0));
#405=VECTOR('',#404,3.5E0);
#406=CARTESIAN_POINT('',(-1.75E0,-4.15E0,0.E0));
#407=LINE('',#406,#405);
#408=DIRECTION('',(1.854955583041E-1,-3.246172270321E-1,-9.274777915203E-1));
#409=VECTOR('',#408,1.078192932642E0);
#410=CARTESIAN_POINT('',(1.75E0,-4.15E0,0.E0));
#411=LINE('',#410,#409);
#412=DIRECTION('',(0.E0,-1.E0,0.E0));
#413=VECTOR('',#412,1.E0);
#414=CARTESIAN_POINT('',(3.25E0,-3.15E0,0.E0));
#415=LINE('',#414,#413);
#416=DIRECTION('',(1.E0,0.E0,0.E0));
#417=VECTOR('',#416,1.75E0);
#418=CARTESIAN_POINT('',(3.25E0,-3.15E0,0.E0));
#419=LINE('',#418,#417);
#420=DIRECTION('',(0.E0,-1.E0,0.E0));
#421=VECTOR('',#420,1.E0);
#422=CARTESIAN_POINT('',(-3.25E0,-3.15E0,0.E0));
#423=LINE('',#422,#421);
#424=DIRECTION('',(1.E0,0.E0,0.E0));
#425=VECTOR('',#424,1.75E0);
#426=CARTESIAN_POINT('',(-5.E0,-3.15E0,0.E0));
#427=LINE('',#426,#425);
#428=DIRECTION('',(0.E0,-1.E0,0.E0));
#429=VECTOR('',#428,1.E0);
#430=CARTESIAN_POINT('',(-1.75E0,-3.15E0,0.E0));
#431=LINE('',#430,#429);
#432=DIRECTION('',(1.E0,0.E0,0.E0));
#433=VECTOR('',#432,3.5E0);
#434=CARTESIAN_POINT('',(-1.75E0,-3.15E0,0.E0));
#435=LINE('',#434,#433);
#436=DIRECTION('',(0.E0,-1.E0,0.E0));
#437=VECTOR('',#436,1.E0);
#438=CARTESIAN_POINT('',(1.75E0,-3.15E0,0.E0));
#439=LINE('',#438,#437);
#440=DIRECTION('',(1.E0,0.E0,0.E0));
#441=VECTOR('',#440,1.E1);
#442=CARTESIAN_POINT('',(-5.E0,-4.5E0,-2.7E0));
#443=LINE('',#442,#441);
#444=DIRECTION('',(-1.E0,0.E0,0.E0));
#445=VECTOR('',#444,3.75E0);
#446=CARTESIAN_POINT('',(-3.E-1,-3.75E0,-1.15E1));
#447=LINE('',#446,#445);
#448=DIRECTION('',(0.E0,0.E0,1.E0));
#449=VECTOR('',#448,5.E-1);
#450=CARTESIAN_POINT('',(-4.05E0,-3.75E0,-1.2E1));
#451=LINE('',#450,#449);
#452=DIRECTION('',(1.E0,0.E0,0.E0));
#453=VECTOR('',#452,1.E1);
#454=CARTESIAN_POINT('',(-5.E0,-3.75E0,-2.7E0));
#455=LINE('',#454,#453);
#456=DIRECTION('',(0.E0,0.E0,-1.E0));
#457=VECTOR('',#456,5.E-1);
#458=CARTESIAN_POINT('',(4.05E0,-3.75E0,-1.15E1));
#459=LINE('',#458,#457);
#460=DIRECTION('',(-1.E0,0.E0,0.E0));
#461=VECTOR('',#460,3.75E0);
#462=CARTESIAN_POINT('',(4.05E0,-3.75E0,-1.15E1));
#463=LINE('',#462,#461);
#464=DIRECTION('',(0.E0,0.E0,1.E0));
#465=VECTOR('',#464,5.E-1);
#466=CARTESIAN_POINT('',(3.E-1,-3.75E0,-1.2E1));
#467=LINE('',#466,#465);
#468=DIRECTION('',(0.E0,0.E0,1.E0));
#469=VECTOR('',#468,5.E-1);
#470=CARTESIAN_POINT('',(-3.E-1,-3.75E0,-1.2E1));
#471=LINE('',#470,#469);
#472=DIRECTION('',(0.E0,1.E0,0.E0));
#473=VECTOR('',#472,7.1E0);
#474=CARTESIAN_POINT('',(-4.05E0,-3.75E0,-1.15E1));
#475=LINE('',#474,#473);
#476=DIRECTION('',(0.E0,-1.E0,0.E0));
#477=VECTOR('',#476,7.6E0);
#478=CARTESIAN_POINT('',(-3.E-1,3.85E0,-1.15E1));
#479=LINE('',#478,#477);
#480=DIRECTION('',(0.E0,-1.E0,0.E0));
#481=VECTOR('',#480,5.E-1);
#482=CARTESIAN_POINT('',(-9.5E-1,3.85E0,-1.15E1));
#483=LINE('',#482,#481);
#484=DIRECTION('',(1.E0,0.E0,0.E0));
#485=VECTOR('',#484,3.1E0);
#486=CARTESIAN_POINT('',(-4.05E0,3.35E0,-1.15E1));
#487=LINE('',#486,#485);
#488=DIRECTION('',(0.E0,1.E0,0.E0));
#489=VECTOR('',#488,7.6E0);
#490=CARTESIAN_POINT('',(-4.05E0,-3.75E0,-1.2E1));
#491=LINE('',#490,#489);
#492=DIRECTION('',(0.E0,0.E0,-1.E0));
#493=VECTOR('',#492,2.4E0);
#494=CARTESIAN_POINT('',(-4.05E0,3.35E0,-9.1E0));
#495=LINE('',#494,#493);
#496=DIRECTION('',(0.E0,-4.472135955E-1,-8.944271909999E-1));
#497=VECTOR('',#496,1.118033988750E0);
#498=CARTESIAN_POINT('',(-4.05E0,3.85E0,-8.1E0));
#499=LINE('',#498,#497);
#500=DIRECTION('',(1.E0,0.E0,0.E0));
#501=VECTOR('',#500,9.5E-1);
#502=CARTESIAN_POINT('',(-5.E0,3.85E0,-1.2E1));
#503=LINE('',#502,#501);
#504=DIRECTION('',(0.E0,0.E0,1.E0));
#505=VECTOR('',#504,3.9E0);
#506=CARTESIAN_POINT('',(-4.05E0,3.85E0,-1.2E1));
#507=LINE('',#506,#505);
#508=DIRECTION('',(1.E0,0.E0,0.E0));
#509=VECTOR('',#508,3.1E0);
#510=CARTESIAN_POINT('',(-4.05E0,3.85E0,-8.1E0));
#511=LINE('',#510,#509);
#512=DIRECTION('',(0.E0,0.E0,1.E0));
#513=VECTOR('',#512,3.4E0);
#514=CARTESIAN_POINT('',(-9.5E-1,3.85E0,-1.15E1));
#515=LINE('',#514,#513);
#516=DIRECTION('',(-1.E0,0.E0,0.E0));
#517=VECTOR('',#516,6.5E-1);
#518=CARTESIAN_POINT('',(-3.E-1,3.85E0,-1.15E1));
#519=LINE('',#518,#517);
#520=DIRECTION('',(0.E0,0.E0,1.E0));
#521=VECTOR('',#520,5.E-1);
#522=CARTESIAN_POINT('',(-3.E-1,3.85E0,-1.2E1));
#523=LINE('',#522,#521);
#524=DIRECTION('',(1.E0,0.E0,0.E0));
#525=VECTOR('',#524,6.E-1);
#526=CARTESIAN_POINT('',(-3.E-1,3.85E0,-1.2E1));
#527=LINE('',#526,#525);
#528=DIRECTION('',(0.E0,0.E0,1.E0));
#529=VECTOR('',#528,5.E-1);
#530=CARTESIAN_POINT('',(3.E-1,3.85E0,-1.2E1));
#531=LINE('',#530,#529);
#532=DIRECTION('',(-1.E0,0.E0,0.E0));
#533=VECTOR('',#532,6.5E-1);
#534=CARTESIAN_POINT('',(9.5E-1,3.85E0,-1.15E1));
#535=LINE('',#534,#533);
#536=DIRECTION('',(0.E0,0.E0,1.E0));
#537=VECTOR('',#536,3.4E0);
#538=CARTESIAN_POINT('',(9.5E-1,3.85E0,-1.15E1));
#539=LINE('',#538,#537);
#540=DIRECTION('',(1.E0,0.E0,0.E0));
#541=VECTOR('',#540,3.1E0);
#542=CARTESIAN_POINT('',(9.5E-1,3.85E0,-8.1E0));
#543=LINE('',#542,#541);
#544=DIRECTION('',(0.E0,0.E0,-1.E0));
#545=VECTOR('',#544,3.9E0);
#546=CARTESIAN_POINT('',(4.05E0,3.85E0,-8.1E0));
#547=LINE('',#546,#545);
#548=DIRECTION('',(1.E0,0.E0,0.E0));
#549=VECTOR('',#548,9.5E-1);
#550=CARTESIAN_POINT('',(4.05E0,3.85E0,-1.2E1));
#551=LINE('',#550,#549);
#552=DIRECTION('',(0.E0,1.E0,0.E0));
#553=VECTOR('',#552,7.6E0);
#554=CARTESIAN_POINT('',(-3.E-1,-3.75E0,-1.2E1));
#555=LINE('',#554,#553);
#556=DIRECTION('',(1.E0,0.E0,0.E0));
#557=VECTOR('',#556,6.E-1);
#558=CARTESIAN_POINT('',(-3.E-1,-3.75E0,-1.2E1));
#559=LINE('',#558,#557);
#560=DIRECTION('',(0.E0,1.E0,0.E0));
#561=VECTOR('',#560,7.6E0);
#562=CARTESIAN_POINT('',(3.E-1,-3.75E0,-1.2E1));
#563=LINE('',#562,#561);
#564=DIRECTION('',(0.E0,1.E0,0.E0));
#565=VECTOR('',#564,7.6E0);
#566=CARTESIAN_POINT('',(4.05E0,-3.75E0,-1.2E1));
#567=LINE('',#566,#565);
#568=DIRECTION('',(1.E0,0.E0,0.E0));
#569=VECTOR('',#568,9.5E-1);
#570=CARTESIAN_POINT('',(4.05E0,-3.75E0,-1.2E1));
#571=LINE('',#570,#569);
#572=DIRECTION('',(1.E0,0.E0,0.E0));
#573=VECTOR('',#572,9.5E-1);
#574=CARTESIAN_POINT('',(-5.E0,-3.75E0,-1.2E1));
#575=LINE('',#574,#573);
#576=DIRECTION('',(0.E0,1.E0,0.E0));
#577=VECTOR('',#576,7.1E0);
#578=CARTESIAN_POINT('',(4.05E0,-3.75E0,-1.15E1));
#579=LINE('',#578,#577);
#580=DIRECTION('',(1.E0,0.E0,0.E0));
#581=VECTOR('',#580,3.1E0);
#582=CARTESIAN_POINT('',(9.5E-1,3.35E0,-1.15E1));
#583=LINE('',#582,#581);
#584=DIRECTION('',(0.E0,-1.E0,0.E0));
#585=VECTOR('',#584,5.E-1);
#586=CARTESIAN_POINT('',(9.5E-1,3.85E0,-1.15E1));
#587=LINE('',#586,#585);
#588=DIRECTION('',(0.E0,1.E0,0.E0));
#589=VECTOR('',#588,7.6E0);
#590=CARTESIAN_POINT('',(3.E-1,-3.75E0,-1.15E1));
#591=LINE('',#590,#589);
#592=DIRECTION('',(0.E0,0.E0,-1.E0));
#593=VECTOR('',#592,2.4E0);
#594=CARTESIAN_POINT('',(4.05E0,3.35E0,-9.1E0));
#595=LINE('',#594,#593);
#596=DIRECTION('',(0.E0,-4.472135955E-1,-8.944271909999E-1));
#597=VECTOR('',#596,1.118033988750E0);
#598=CARTESIAN_POINT('',(4.05E0,3.85E0,-8.1E0));
#599=LINE('',#598,#597);
#600=DIRECTION('',(0.E0,0.E0,-1.E0));
#601=VECTOR('',#600,1.E0);
#602=CARTESIAN_POINT('',(2.E0,3.35E0,-9.5E0));
#603=LINE('',#602,#601);
#604=DIRECTION('',(1.E0,0.E0,0.E0));
#605=VECTOR('',#604,1.E0);
#606=CARTESIAN_POINT('',(2.E0,3.35E0,-9.5E0));
#607=LINE('',#606,#605);
#608=DIRECTION('',(0.E0,0.E0,-1.E0));
#609=VECTOR('',#608,1.E0);
#610=CARTESIAN_POINT('',(3.E0,3.35E0,-9.5E0));
#611=LINE('',#610,#609);
#612=DIRECTION('',(1.E0,0.E0,0.E0));
#613=VECTOR('',#612,1.E0);
#614=CARTESIAN_POINT('',(2.E0,3.35E0,-1.05E1));
#615=LINE('',#614,#613);
#616=DIRECTION('',(1.E0,0.E0,0.E0));
#617=VECTOR('',#616,3.1E0);
#618=CARTESIAN_POINT('',(9.5E-1,3.35E0,-9.1E0));
#619=LINE('',#618,#617);
#620=DIRECTION('',(0.E0,1.E0,0.E0));
#621=VECTOR('',#620,1.E0);
#622=CARTESIAN_POINT('',(2.E0,-5.E-1,-2.48E0));
#623=LINE('',#622,#621);
#624=DIRECTION('',(0.E0,0.E0,-1.E0));
#625=VECTOR('',#624,5.2E0);
#626=CARTESIAN_POINT('',(2.E0,-5.E-1,-2.48E0));
#627=LINE('',#626,#625);
#628=DIRECTION('',(0.E0,0.E0,1.E0));
#629=VECTOR('',#628,5.2E0);
#630=CARTESIAN_POINT('',(2.E0,5.E-1,-7.68E0));
#631=LINE('',#630,#629);
#632=DIRECTION('',(0.E0,0.E0,-1.E0));
#633=VECTOR('',#632,1.E0);
#634=CARTESIAN_POINT('',(2.E0,6.35E0,-9.5E0));
#635=LINE('',#634,#633);
#636=DIRECTION('',(0.E0,-1.E0,0.E0));
#637=VECTOR('',#636,3.E0);
#638=CARTESIAN_POINT('',(2.E0,6.35E0,-9.5E0));
#639=LINE('',#638,#637);
#640=DIRECTION('',(0.E0,1.E0,0.E0));
#641=VECTOR('',#640,3.E0);
#642=CARTESIAN_POINT('',(2.E0,3.35E0,-1.05E1));
#643=LINE('',#642,#641);
#644=DIRECTION('',(2.357022603955E-1,2.357022603955E-1,-9.428090415821E-1));
#645=VECTOR('',#644,1.060660171780E0);
#646=CARTESIAN_POINT('',(2.75E0,2.5E-1,-1.48E0));
#647=LINE('',#646,#645);
#648=DIRECTION('',(2.357022603955E-1,-2.357022603955E-1,9.428090415821E-1));
#649=VECTOR('',#648,1.060660171780E0);
#650=CARTESIAN_POINT('',(2.E0,5.E-1,-2.48E0));
#651=LINE('',#650,#649);
#652=DIRECTION('',(1.E0,0.E0,0.E0));
#653=VECTOR('',#652,1.E0);
#654=CARTESIAN_POINT('',(2.E0,5.E-1,-2.48E0));
#655=LINE('',#654,#653);
#656=DIRECTION('',(-2.357022603955E-1,2.357022603955E-1,9.428090415821E-1));
#657=VECTOR('',#656,1.060660171780E0);
#658=CARTESIAN_POINT('',(3.E0,-5.E-1,-2.48E0));
#659=LINE('',#658,#657);
#660=DIRECTION('',(-2.357022603955E-1,-2.357022603955E-1,-9.428090415821E-1));
#661=VECTOR('',#660,1.060660171780E0);
#662=CARTESIAN_POINT('',(2.25E0,-2.5E-1,-1.48E0));
#663=LINE('',#662,#661);
#664=DIRECTION('',(1.E0,0.E0,0.E0));
#665=VECTOR('',#664,5.E-1);
#666=CARTESIAN_POINT('',(2.25E0,-2.5E-1,-1.48E0));
#667=LINE('',#666,#665);
#668=DIRECTION('',(1.E0,0.E0,0.E0));
#669=VECTOR('',#668,1.E0);
#670=CARTESIAN_POINT('',(2.E0,-5.E-1,-2.48E0));
#671=LINE('',#670,#669);
#672=DIRECTION('',(0.E0,-1.E0,0.E0));
#673=VECTOR('',#672,1.E0);
#674=CARTESIAN_POINT('',(3.E0,5.E-1,-2.48E0));
#675=LINE('',#674,#673);
#676=DIRECTION('',(0.E0,0.E0,1.E0));
#677=VECTOR('',#676,5.2E0);
#678=CARTESIAN_POINT('',(3.E0,5.E-1,-7.68E0));
#679=LINE('',#678,#677);
#680=DIRECTION('',(0.E0,0.E0,-1.E0));
#681=VECTOR('',#680,5.2E0);
#682=CARTESIAN_POINT('',(3.E0,-5.E-1,-2.48E0));
#683=LINE('',#682,#681);
#684=DIRECTION('',(0.E0,0.E0,1.E0));
#685=VECTOR('',#684,1.E0);
#686=CARTESIAN_POINT('',(3.E0,6.35E0,-1.05E1));
#687=LINE('',#686,#685);
#688=DIRECTION('',(0.E0,1.E0,0.E0));
#689=VECTOR('',#688,3.E0);
#690=CARTESIAN_POINT('',(3.E0,3.35E0,-1.05E1));
#691=LINE('',#690,#689);
#692=DIRECTION('',(0.E0,-1.E0,0.E0));
#693=VECTOR('',#692,3.E0);
#694=CARTESIAN_POINT('',(3.E0,6.35E0,-9.5E0));
#695=LINE('',#694,#693);
#696=CARTESIAN_POINT('',(2.5E0,0.E0,-7.68E0));
#697=DIRECTION('',(0.E0,0.E0,1.E0));
#698=DIRECTION('',(0.E0,1.E0,0.E0));
#699=AXIS2_PLACEMENT_3D('',#696,#697,#698);
#701=CARTESIAN_POINT('',(2.5E0,0.E0,-7.68E0));
#702=DIRECTION('',(0.E0,0.E0,-1.E0));
#703=DIRECTION('',(0.E0,1.E0,0.E0));
#704=AXIS2_PLACEMENT_3D('',#701,#702,#703);
#706=DIRECTION('',(0.E0,-1.E0,0.E0));
#707=VECTOR('',#706,1.E0);
#708=CARTESIAN_POINT('',(2.E0,5.E-1,-7.68E0));
#709=LINE('',#708,#707);
#710=DIRECTION('',(1.E0,0.E0,0.E0));
#711=VECTOR('',#710,1.E0);
#712=CARTESIAN_POINT('',(2.E0,-5.E-1,-7.68E0));
#713=LINE('',#712,#711);
#714=DIRECTION('',(0.E0,-1.E0,0.E0));
#715=VECTOR('',#714,1.E0);
#716=CARTESIAN_POINT('',(3.E0,5.E-1,-7.68E0));
#717=LINE('',#716,#715);
#718=DIRECTION('',(1.E0,0.E0,0.E0));
#719=VECTOR('',#718,1.E0);
#720=CARTESIAN_POINT('',(2.E0,5.E-1,-7.68E0));
#721=LINE('',#720,#719);
#722=DIRECTION('',(0.E0,-3.878057219124E-1,9.217411361396E-1));
#723=VECTOR('',#722,8.896207056943E-1);
#724=CARTESIAN_POINT('',(2.5E0,1.375E0,-8.5E0));
#725=LINE('',#724,#723);
#726=DIRECTION('',(0.E0,3.878057219124E-1,9.217411361396E-1));
#727=VECTOR('',#726,8.896207056943E-1);
#728=CARTESIAN_POINT('',(2.5E0,-1.375E0,-8.5E0));
#729=LINE('',#728,#727);
#730=DIRECTION('',(-2.357022603955E-1,9.428090415821E-1,-2.357022603955E-1));
#731=VECTOR('',#730,1.060660171780E0);
#732=CARTESIAN_POINT('',(3.E0,6.35E0,-9.5E0));
#733=LINE('',#732,#731);
#734=DIRECTION('',(-2.357022603955E-1,-9.428090415821E-1,2.357022603955E-1));
#735=VECTOR('',#734,1.060660171780E0);
#736=CARTESIAN_POINT('',(2.25E0,7.35E0,-9.75E0));
#737=LINE('',#736,#735);
#738=DIRECTION('',(1.E0,0.E0,0.E0));
#739=VECTOR('',#738,5.E-1);
#740=CARTESIAN_POINT('',(2.25E0,7.35E0,-9.75E0));
#741=LINE('',#740,#739);
#742=DIRECTION('',(1.E0,0.E0,0.E0));
#743=VECTOR('',#742,1.E0);
#744=CARTESIAN_POINT('',(2.E0,6.35E0,-9.5E0));
#745=LINE('',#744,#743);
#746=DIRECTION('',(2.357022603955E-1,-9.428090415821E-1,-2.357022603955E-1));
#747=VECTOR('',#746,1.060660171780E0);
#748=CARTESIAN_POINT('',(2.75E0,7.35E0,-1.025E1));
#749=LINE('',#748,#747);
#750=DIRECTION('',(2.357022603955E-1,9.428090415821E-1,2.357022603955E-1));
#751=VECTOR('',#750,1.060660171780E0);
#752=CARTESIAN_POINT('',(2.E0,6.35E0,-1.05E1));
#753=LINE('',#752,#751);
#754=DIRECTION('',(1.E0,0.E0,0.E0));
#755=VECTOR('',#754,1.E0);
#756=CARTESIAN_POINT('',(2.E0,6.35E0,-1.05E1));
#757=LINE('',#756,#755);
#758=DIRECTION('',(0.E0,0.E0,1.E0));
#759=VECTOR('',#758,5.E-1);
#760=CARTESIAN_POINT('',(2.75E0,7.35E0,-1.025E1));
#761=LINE('',#760,#759);
#762=DIRECTION('',(0.E0,0.E0,-1.E0));
#763=VECTOR('',#762,5.E-1);
#764=CARTESIAN_POINT('',(2.25E0,7.35E0,-9.75E0));
#765=LINE('',#764,#763);
#766=DIRECTION('',(1.E0,0.E0,0.E0));
#767=VECTOR('',#766,5.E-1);
#768=CARTESIAN_POINT('',(2.25E0,7.35E0,-1.025E1));
#769=LINE('',#768,#767);
#770=DIRECTION('',(0.E0,-1.E0,0.E0));
#771=VECTOR('',#770,5.E-1);
#772=CARTESIAN_POINT('',(2.75E0,2.5E-1,-1.48E0));
#773=LINE('',#772,#771);
#774=DIRECTION('',(0.E0,1.E0,0.E0));
#775=VECTOR('',#774,5.E-1);
#776=CARTESIAN_POINT('',(2.25E0,-2.5E-1,-1.48E0));
#777=LINE('',#776,#775);
#778=DIRECTION('',(1.E0,0.E0,0.E0));
#779=VECTOR('',#778,5.E-1);
#780=CARTESIAN_POINT('',(2.25E0,2.5E-1,-1.48E0));
#781=LINE('',#780,#779);
#782=DIRECTION('',(0.E0,0.E0,-1.E0));
#783=VECTOR('',#782,2.4E0);
#784=CARTESIAN_POINT('',(9.5E-1,3.35E0,-9.1E0));
#785=LINE('',#784,#783);
#786=DIRECTION('',(0.E0,-4.472135955E-1,-8.944271909999E-1));
#787=VECTOR('',#786,1.118033988750E0);
#788=CARTESIAN_POINT('',(9.5E-1,3.85E0,-8.1E0));
#789=LINE('',#788,#787);
#790=DIRECTION('',(0.E0,0.E0,-1.E0));
#791=VECTOR('',#790,1.E0);
#792=CARTESIAN_POINT('',(-3.E0,3.35E0,-9.5E0));
#793=LINE('',#792,#791);
#794=DIRECTION('',(1.E0,0.E0,0.E0));
#795=VECTOR('',#794,1.E0);
#796=CARTESIAN_POINT('',(-3.E0,3.35E0,-9.5E0));
#797=LINE('',#796,#795);
#798=DIRECTION('',(0.E0,0.E0,-1.E0));
#799=VECTOR('',#798,1.E0);
#800=CARTESIAN_POINT('',(-2.E0,3.35E0,-9.5E0));
#801=LINE('',#800,#799);
#802=DIRECTION('',(1.E0,0.E0,0.E0));
#803=VECTOR('',#802,1.E0);
#804=CARTESIAN_POINT('',(-3.E0,3.35E0,-1.05E1));
#805=LINE('',#804,#803);
#806=DIRECTION('',(1.E0,0.E0,0.E0));
#807=VECTOR('',#806,3.1E0);
#808=CARTESIAN_POINT('',(-4.05E0,3.35E0,-9.1E0));
#809=LINE('',#808,#807);
#810=DIRECTION('',(0.E0,1.E0,0.E0));
#811=VECTOR('',#810,1.E0);
#812=CARTESIAN_POINT('',(-3.E0,-5.E-1,-2.48E0));
#813=LINE('',#812,#811);
#814=DIRECTION('',(0.E0,0.E0,-1.E0));
#815=VECTOR('',#814,5.2E0);
#816=CARTESIAN_POINT('',(-3.E0,-5.E-1,-2.48E0));
#817=LINE('',#816,#815);
#818=DIRECTION('',(0.E0,0.E0,1.E0));
#819=VECTOR('',#818,5.2E0);
#820=CARTESIAN_POINT('',(-3.E0,5.E-1,-7.68E0));
#821=LINE('',#820,#819);
#822=DIRECTION('',(0.E0,0.E0,-1.E0));
#823=VECTOR('',#822,1.E0);
#824=CARTESIAN_POINT('',(-3.E0,6.35E0,-9.5E0));
#825=LINE('',#824,#823);
#826=DIRECTION('',(0.E0,-1.E0,0.E0));
#827=VECTOR('',#826,3.E0);
#828=CARTESIAN_POINT('',(-3.E0,6.35E0,-9.5E0));
#829=LINE('',#828,#827);
#830=DIRECTION('',(0.E0,1.E0,0.E0));
#831=VECTOR('',#830,3.E0);
#832=CARTESIAN_POINT('',(-3.E0,3.35E0,-1.05E1));
#833=LINE('',#832,#831);
#834=DIRECTION('',(2.357022603955E-1,2.357022603955E-1,-9.428090415821E-1));
#835=VECTOR('',#834,1.060660171780E0);
#836=CARTESIAN_POINT('',(-2.25E0,2.5E-1,-1.48E0));
#837=LINE('',#836,#835);
#838=DIRECTION('',(2.357022603955E-1,-2.357022603955E-1,9.428090415821E-1));
#839=VECTOR('',#838,1.060660171780E0);
#840=CARTESIAN_POINT('',(-3.E0,5.E-1,-2.48E0));
#841=LINE('',#840,#839);
#842=DIRECTION('',(1.E0,0.E0,0.E0));
#843=VECTOR('',#842,1.E0);
#844=CARTESIAN_POINT('',(-3.E0,5.E-1,-2.48E0));
#845=LINE('',#844,#843);
#846=DIRECTION('',(-2.357022603955E-1,2.357022603955E-1,9.428090415821E-1));
#847=VECTOR('',#846,1.060660171780E0);
#848=CARTESIAN_POINT('',(-2.E0,-5.E-1,-2.48E0));
#849=LINE('',#848,#847);
#850=DIRECTION('',(-2.357022603955E-1,-2.357022603955E-1,-9.428090415821E-1));
#851=VECTOR('',#850,1.060660171780E0);
#852=CARTESIAN_POINT('',(-2.75E0,-2.5E-1,-1.48E0));
#853=LINE('',#852,#851);
#854=DIRECTION('',(1.E0,0.E0,0.E0));
#855=VECTOR('',#854,5.E-1);
#856=CARTESIAN_POINT('',(-2.75E0,-2.5E-1,-1.48E0));
#857=LINE('',#856,#855);
#858=DIRECTION('',(1.E0,0.E0,0.E0));
#859=VECTOR('',#858,1.E0);
#860=CARTESIAN_POINT('',(-3.E0,-5.E-1,-2.48E0));
#861=LINE('',#860,#859);
#862=DIRECTION('',(0.E0,-1.E0,0.E0));
#863=VECTOR('',#862,1.E0);
#864=CARTESIAN_POINT('',(-2.E0,5.E-1,-2.48E0));
#865=LINE('',#864,#863);
#866=DIRECTION('',(0.E0,0.E0,1.E0));
#867=VECTOR('',#866,5.2E0);
#868=CARTESIAN_POINT('',(-2.E0,5.E-1,-7.68E0));
#869=LINE('',#868,#867);
#870=DIRECTION('',(0.E0,0.E0,-1.E0));
#871=VECTOR('',#870,5.2E0);
#872=CARTESIAN_POINT('',(-2.E0,-5.E-1,-2.48E0));
#873=LINE('',#872,#871);
#874=DIRECTION('',(0.E0,0.E0,1.E0));
#875=VECTOR('',#874,1.E0);
#876=CARTESIAN_POINT('',(-2.E0,6.35E0,-1.05E1));
#877=LINE('',#876,#875);
#878=DIRECTION('',(0.E0,1.E0,0.E0));
#879=VECTOR('',#878,3.E0);
#880=CARTESIAN_POINT('',(-2.E0,3.35E0,-1.05E1));
#881=LINE('',#880,#879);
#882=DIRECTION('',(0.E0,-1.E0,0.E0));
#883=VECTOR('',#882,3.E0);
#884=CARTESIAN_POINT('',(-2.E0,6.35E0,-9.5E0));
#885=LINE('',#884,#883);
#886=CARTESIAN_POINT('',(-2.5E0,0.E0,-7.68E0));
#887=DIRECTION('',(0.E0,0.E0,1.E0));
#888=DIRECTION('',(0.E0,1.E0,0.E0));
#889=AXIS2_PLACEMENT_3D('',#886,#887,#888);
#891=CARTESIAN_POINT('',(-2.5E0,0.E0,-7.68E0));
#892=DIRECTION('',(0.E0,0.E0,-1.E0));
#893=DIRECTION('',(0.E0,1.E0,0.E0));
#894=AXIS2_PLACEMENT_3D('',#891,#892,#893);
#896=DIRECTION('',(0.E0,-1.E0,0.E0));
#897=VECTOR('',#896,1.E0);
#898=CARTESIAN_POINT('',(-3.E0,5.E-1,-7.68E0));
#899=LINE('',#898,#897);
#900=DIRECTION('',(1.E0,0.E0,0.E0));
#901=VECTOR('',#900,1.E0);
#902=CARTESIAN_POINT('',(-3.E0,-5.E-1,-7.68E0));
#903=LINE('',#902,#901);
#904=DIRECTION('',(0.E0,-1.E0,0.E0));
#905=VECTOR('',#904,1.E0);
#906=CARTESIAN_POINT('',(-2.E0,5.E-1,-7.68E0));
#907=LINE('',#906,#905);
#908=DIRECTION('',(1.E0,0.E0,0.E0));
#909=VECTOR('',#908,1.E0);
#910=CARTESIAN_POINT('',(-3.E0,5.E-1,-7.68E0));
#911=LINE('',#910,#909);
#912=DIRECTION('',(0.E0,-3.878057219124E-1,9.217411361396E-1));
#913=VECTOR('',#912,8.896207056943E-1);
#914=CARTESIAN_POINT('',(-2.5E0,1.375E0,-8.5E0));
#915=LINE('',#914,#913);
#916=DIRECTION('',(0.E0,3.878057219124E-1,9.217411361396E-1));
#917=VECTOR('',#916,8.896207056943E-1);
#918=CARTESIAN_POINT('',(-2.5E0,-1.375E0,-8.5E0));
#919=LINE('',#918,#917);
#920=DIRECTION('',(-2.357022603955E-1,9.428090415821E-1,-2.357022603955E-1));
#921=VECTOR('',#920,1.060660171780E0);
#922=CARTESIAN_POINT('',(-2.E0,6.35E0,-9.5E0));
#923=LINE('',#922,#921);
#924=DIRECTION('',(-2.357022603955E-1,-9.428090415821E-1,2.357022603955E-1));
#925=VECTOR('',#924,1.060660171780E0);
#926=CARTESIAN_POINT('',(-2.75E0,7.35E0,-9.75E0));
#927=LINE('',#926,#925);
#928=DIRECTION('',(1.E0,0.E0,0.E0));
#929=VECTOR('',#928,5.E-1);
#930=CARTESIAN_POINT('',(-2.75E0,7.35E0,-9.75E0));
#931=LINE('',#930,#929);
#932=DIRECTION('',(1.E0,0.E0,0.E0));
#933=VECTOR('',#932,1.E0);
#934=CARTESIAN_POINT('',(-3.E0,6.35E0,-9.5E0));
#935=LINE('',#934,#933);
#936=DIRECTION('',(2.357022603955E-1,-9.428090415821E-1,-2.357022603955E-1));
#937=VECTOR('',#936,1.060660171780E0);
#938=CARTESIAN_POINT('',(-2.25E0,7.35E0,-1.025E1));
#939=LINE('',#938,#937);
#940=DIRECTION('',(2.357022603955E-1,9.428090415821E-1,2.357022603955E-1));
#941=VECTOR('',#940,1.060660171780E0);
#942=CARTESIAN_POINT('',(-3.E0,6.35E0,-1.05E1));
#943=LINE('',#942,#941);
#944=DIRECTION('',(1.E0,0.E0,0.E0));
#945=VECTOR('',#944,1.E0);
#946=CARTESIAN_POINT('',(-3.E0,6.35E0,-1.05E1));
#947=LINE('',#946,#945);
#948=DIRECTION('',(0.E0,0.E0,1.E0));
#949=VECTOR('',#948,5.E-1);
#950=CARTESIAN_POINT('',(-2.25E0,7.35E0,-1.025E1));
#951=LINE('',#950,#949);
#952=DIRECTION('',(0.E0,0.E0,-1.E0));
#953=VECTOR('',#952,5.E-1);
#954=CARTESIAN_POINT('',(-2.75E0,7.35E0,-9.75E0));
#955=LINE('',#954,#953);
#956=DIRECTION('',(1.E0,0.E0,0.E0));
#957=VECTOR('',#956,5.E-1);
#958=CARTESIAN_POINT('',(-2.75E0,7.35E0,-1.025E1));
#959=LINE('',#958,#957);
#960=DIRECTION('',(0.E0,-1.E0,0.E0));
#961=VECTOR('',#960,5.E-1);
#962=CARTESIAN_POINT('',(-2.25E0,2.5E-1,-1.48E0));
#963=LINE('',#962,#961);
#964=DIRECTION('',(0.E0,1.E0,0.E0));
#965=VECTOR('',#964,5.E-1);
#966=CARTESIAN_POINT('',(-2.75E0,-2.5E-1,-1.48E0));
#967=LINE('',#966,#965);
#968=DIRECTION('',(1.E0,0.E0,0.E0));
#969=VECTOR('',#968,5.E-1);
#970=CARTESIAN_POINT('',(-2.75E0,2.5E-1,-1.48E0));
#971=LINE('',#970,#969);
#972=DIRECTION('',(0.E0,-4.472135955E-1,-8.944271909999E-1));
#973=VECTOR('',#972,1.118033988750E0);
#974=CARTESIAN_POINT('',(-9.5E-1,3.85E0,-8.1E0));
#975=LINE('',#974,#973);
#976=DIRECTION('',(0.E0,0.E0,-1.E0));
#977=VECTOR('',#976,2.4E0);
#978=CARTESIAN_POINT('',(-9.5E-1,3.35E0,-9.1E0));
#979=LINE('',#978,#977);
#980=DIRECTION('',(1.E0,0.E0,0.E0));
#981=VECTOR('',#980,1.E1);
#982=CARTESIAN_POINT('',(-5.E0,3.85E0,-2.6E0));
#983=LINE('',#982,#981);
#984=DIRECTION('',(1.E0,0.E0,0.E0));
#985=VECTOR('',#984,1.E1);
#986=CARTESIAN_POINT('',(-5.E0,3.78E0,-2.6E0));
#987=LINE('',#986,#985);
#988=CARTESIAN_POINT('',(-5.E0,2.68E0,0.E0));
#989=CARTESIAN_POINT('',(-5.E0,2.4E0,-1.7E0));
#990=VERTEX_POINT('',#988);
#991=VERTEX_POINT('',#989);
#992=CARTESIAN_POINT('',(-5.E0,2.4E0,-8.5E0));
#993=VERTEX_POINT('',#992);
#994=CARTESIAN_POINT('',(-5.E0,-2.8E0,-8.5E0));
#995=VERTEX_POINT('',#994);
#996=CARTESIAN_POINT('',(-5.E0,-2.8E0,-1.E0));
#997=VERTEX_POINT('',#996);
#998=CARTESIAN_POINT('',(-5.E0,-3.15E0,0.E0));
#999=VERTEX_POINT('',#998);
#1000=CARTESIAN_POINT('',(-5.E0,-4.15E0,0.E0));
#1001=VERTEX_POINT('',#1000);
#1002=CARTESIAN_POINT('',(-5.E0,-4.5E0,-1.E0));
#1003=VERTEX_POINT('',#1002);
#1004=CARTESIAN_POINT('',(-5.E0,-4.5E0,-2.7E0));
#1005=VERTEX_POINT('',#1004);
#1006=CARTESIAN_POINT('',(-5.E0,-3.75E0,-2.7E0));
#1007=VERTEX_POINT('',#1006);
#1008=CARTESIAN_POINT('',(-5.E0,-3.75E0,-1.2E1));
#1009=VERTEX_POINT('',#1008);
#1010=CARTESIAN_POINT('',(-5.E0,3.85E0,-1.2E1));
#1011=VERTEX_POINT('',#1010);
#1012=CARTESIAN_POINT('',(-5.E0,3.85E0,-2.6E0));
#1013=VERTEX_POINT('',#1012);
#1014=CARTESIAN_POINT('',(-5.E0,3.78E0,-2.6E0));
#1015=VERTEX_POINT('',#1014);
#1016=CARTESIAN_POINT('',(-5.E0,3.78E0,0.E0));
#1017=VERTEX_POINT('',#1016);
#1018=CARTESIAN_POINT('',(5.E0,2.68E0,0.E0));
#1019=CARTESIAN_POINT('',(5.E0,2.4E0,-1.7E0));
#1020=VERTEX_POINT('',#1018);
#1021=VERTEX_POINT('',#1019);
#1022=CARTESIAN_POINT('',(5.E0,2.4E0,-8.5E0));
#1023=VERTEX_POINT('',#1022);
#1024=CARTESIAN_POINT('',(5.E0,-2.8E0,-8.5E0));
#1025=VERTEX_POINT('',#1024);
#1026=CARTESIAN_POINT('',(5.E0,-2.8E0,-1.E0));
#1027=VERTEX_POINT('',#1026);
#1028=CARTESIAN_POINT('',(5.E0,-3.15E0,0.E0));
#1029=VERTEX_POINT('',#1028);
#1030=CARTESIAN_POINT('',(5.E0,-4.15E0,0.E0));
#1031=VERTEX_POINT('',#1030);
#1032=CARTESIAN_POINT('',(5.E0,-4.5E0,-1.E0));
#1033=VERTEX_POINT('',#1032);
#1034=CARTESIAN_POINT('',(5.E0,-4.5E0,-2.7E0));
#1035=VERTEX_POINT('',#1034);
#1036=CARTESIAN_POINT('',(5.E0,-3.75E0,-2.7E0));
#1037=VERTEX_POINT('',#1036);
#1038=CARTESIAN_POINT('',(5.E0,-3.75E0,-1.2E1));
#1039=VERTEX_POINT('',#1038);
#1040=CARTESIAN_POINT('',(5.E0,3.85E0,-1.2E1));
#1041=VERTEX_POINT('',#1040);
#1042=CARTESIAN_POINT('',(5.E0,3.85E0,-2.6E0));
#1043=VERTEX_POINT('',#1042);
#1044=CARTESIAN_POINT('',(5.E0,3.78E0,-2.6E0));
#1045=VERTEX_POINT('',#1044);
#1046=CARTESIAN_POINT('',(5.E0,3.78E0,0.E0));
#1047=VERTEX_POINT('',#1046);
#1048=VERTEX_POINT('',#132);
#1049=VERTEX_POINT('',#135);
#1050=VERTEX_POINT('',#150);
#1051=VERTEX_POINT('',#153);
#1052=CARTESIAN_POINT('',(4.430388561922E0,2.4E0,-8.5E0));
#1053=VERTEX_POINT('',#1052);
#1054=CARTESIAN_POINT('',(5.696114380778E-1,2.4E0,-8.5E0));
#1055=VERTEX_POINT('',#1054);
#1056=VERTEX_POINT('',#141);
#1057=VERTEX_POINT('',#144);
#1058=VERTEX_POINT('',#155);
#1059=VERTEX_POINT('',#158);
#1060=CARTESIAN_POINT('',(-5.696114380778E-1,2.4E0,-8.5E0));
#1061=VERTEX_POINT('',#1060);
#1062=CARTESIAN_POINT('',(-4.430388561922E0,2.4E0,-8.5E0));
#1063=VERTEX_POINT('',#1062);
#1064=CARTESIAN_POINT('',(2.5E0,1.03E0,-7.68E0));
#1065=CARTESIAN_POINT('',(2.5E0,-1.03E0,-7.68E0));
#1066=VERTEX_POINT('',#1064);
#1067=VERTEX_POINT('',#1065);
#1068=CARTESIAN_POINT('',(2.5E0,1.375E0,-8.5E0));
#1069=CARTESIAN_POINT('',(2.5E0,-1.375E0,-8.5E0));
#1070=VERTEX_POINT('',#1068);
#1071=VERTEX_POINT('',#1069);
#1072=CARTESIAN_POINT('',(-2.5E0,1.03E0,-7.68E0));
#1073=CARTESIAN_POINT('',(-2.5E0,-1.03E0,-7.68E0));
#1074=VERTEX_POINT('',#1072);
#1075=VERTEX_POINT('',#1073);
#1076=CARTESIAN_POINT('',(-2.5E0,1.375E0,-8.5E0));
#1077=CARTESIAN_POINT('',(-2.5E0,-1.375E0,-8.5E0));
#1078=VERTEX_POINT('',#1076);
#1079=VERTEX_POINT('',#1077);
#1080=CARTESIAN_POINT('',(3.E-1,-3.75E0,-1.2E1));
#1081=CARTESIAN_POINT('',(3.E-1,-3.75E0,-1.15E1));
#1082=VERTEX_POINT('',#1080);
#1083=VERTEX_POINT('',#1081);
#1084=CARTESIAN_POINT('',(3.E-1,3.85E0,-1.2E1));
#1085=VERTEX_POINT('',#1084);
#1086=CARTESIAN_POINT('',(3.E-1,3.85E0,-1.15E1));
#1087=VERTEX_POINT('',#1086);
#1088=CARTESIAN_POINT('',(-3.E-1,-3.75E0,-1.2E1));
#1089=CARTESIAN_POINT('',(-3.E-1,-3.75E0,-1.15E1));
#1090=VERTEX_POINT('',#1088);
#1091=VERTEX_POINT('',#1089);
#1092=CARTESIAN_POINT('',(-3.E-1,3.85E0,-1.2E1));
#1093=VERTEX_POINT('',#1092);
#1094=CARTESIAN_POINT('',(-3.E-1,3.85E0,-1.15E1));
#1095=VERTEX_POINT('',#1094);
#1096=CARTESIAN_POINT('',(9.5E-1,3.35E0,-9.1E0));
#1097=CARTESIAN_POINT('',(4.05E0,3.35E0,-9.1E0));
#1098=VERTEX_POINT('',#1096);
#1099=VERTEX_POINT('',#1097);
#1100=CARTESIAN_POINT('',(9.5E-1,3.85E0,-1.15E1));
#1101=CARTESIAN_POINT('',(9.5E-1,3.85E0,-8.1E0));
#1102=VERTEX_POINT('',#1100);
#1103=VERTEX_POINT('',#1101);
#1104=CARTESIAN_POINT('',(4.05E0,3.85E0,-8.1E0));
#1105=VERTEX_POINT('',#1104);
#1106=CARTESIAN_POINT('',(9.5E-1,3.35E0,-1.15E1));
#1107=VERTEX_POINT('',#1106);
#1108=CARTESIAN_POINT('',(-4.05E0,3.35E0,-9.1E0));
#1109=CARTESIAN_POINT('',(-9.5E-1,3.35E0,-9.1E0));
#1110=VERTEX_POINT('',#1108);
#1111=VERTEX_POINT('',#1109);
#1112=CARTESIAN_POINT('',(-9.5E-1,3.85E0,-1.15E1));
#1113=CARTESIAN_POINT('',(-9.5E-1,3.85E0,-8.1E0));
#1114=VERTEX_POINT('',#1112);
#1115=VERTEX_POINT('',#1113);
#1116=CARTESIAN_POINT('',(-4.05E0,3.85E0,-8.1E0));
#1117=VERTEX_POINT('',#1116);
#1118=CARTESIAN_POINT('',(-9.5E-1,3.35E0,-1.15E1));
#1119=VERTEX_POINT('',#1118);
#1120=CARTESIAN_POINT('',(2.E0,5.E-1,-7.68E0));
#1121=CARTESIAN_POINT('',(2.E0,-5.E-1,-7.68E0));
#1122=VERTEX_POINT('',#1120);
#1123=VERTEX_POINT('',#1121);
#1124=CARTESIAN_POINT('',(3.E0,5.E-1,-7.68E0));
#1125=CARTESIAN_POINT('',(3.E0,-5.E-1,-7.68E0));
#1126=VERTEX_POINT('',#1124);
#1127=VERTEX_POINT('',#1125);
#1128=CARTESIAN_POINT('',(2.E0,3.35E0,-9.5E0));
#1129=CARTESIAN_POINT('',(2.E0,3.35E0,-1.05E1));
#1130=VERTEX_POINT('',#1128);
#1131=VERTEX_POINT('',#1129);
#1132=CARTESIAN_POINT('',(3.E0,3.35E0,-9.5E0));
#1133=CARTESIAN_POINT('',(3.E0,3.35E0,-1.05E1));
#1134=VERTEX_POINT('',#1132);
#1135=VERTEX_POINT('',#1133);
#1136=CARTESIAN_POINT('',(-3.E0,5.E-1,-7.68E0));
#1137=CARTESIAN_POINT('',(-3.E0,-5.E-1,-7.68E0));
#1138=VERTEX_POINT('',#1136);
#1139=VERTEX_POINT('',#1137);
#1140=CARTESIAN_POINT('',(-2.E0,5.E-1,-7.68E0));
#1141=CARTESIAN_POINT('',(-2.E0,-5.E-1,-7.68E0));
#1142=VERTEX_POINT('',#1140);
#1143=VERTEX_POINT('',#1141);
#1144=CARTESIAN_POINT('',(-3.E0,3.35E0,-9.5E0));
#1145=CARTESIAN_POINT('',(-3.E0,3.35E0,-1.05E1));
#1146=VERTEX_POINT('',#1144);
#1147=VERTEX_POINT('',#1145);
#1148=CARTESIAN_POINT('',(-2.E0,3.35E0,-9.5E0));
#1149=CARTESIAN_POINT('',(-2.E0,3.35E0,-1.05E1));
#1150=VERTEX_POINT('',#1148);
#1151=VERTEX_POINT('',#1149);
#1152=CARTESIAN_POINT('',(1.95E0,-4.5E0,-1.E0));
#1153=CARTESIAN_POINT('',(3.05E0,-4.5E0,-1.E0));
#1154=VERTEX_POINT('',#1152);
#1155=VERTEX_POINT('',#1153);
#1156=CARTESIAN_POINT('',(1.95E0,-2.8E0,-1.E0));
#1157=VERTEX_POINT('',#1156);
#1158=CARTESIAN_POINT('',(3.05E0,-2.8E0,-1.E0));
#1159=VERTEX_POINT('',#1158);
#1160=CARTESIAN_POINT('',(1.75E0,-3.15E0,0.E0));
#1161=VERTEX_POINT('',#1160);
#1162=CARTESIAN_POINT('',(3.25E0,-3.15E0,0.E0));
#1163=VERTEX_POINT('',#1162);
#1164=CARTESIAN_POINT('',(1.75E0,-4.15E0,0.E0));
#1165=VERTEX_POINT('',#1164);
#1166=CARTESIAN_POINT('',(3.25E0,-4.15E0,0.E0));
#1167=VERTEX_POINT('',#1166);
#1168=CARTESIAN_POINT('',(-3.05E0,-2.8E0,-1.E0));
#1169=CARTESIAN_POINT('',(-1.95E0,-2.8E0,-1.E0));
#1170=VERTEX_POINT('',#1168);
#1171=VERTEX_POINT('',#1169);
#1172=CARTESIAN_POINT('',(-3.25E0,-3.15E0,0.E0));
#1173=VERTEX_POINT('',#1172);
#1174=CARTESIAN_POINT('',(-1.75E0,-3.15E0,0.E0));
#1175=VERTEX_POINT('',#1174);
#1176=CARTESIAN_POINT('',(-3.25E0,-4.15E0,0.E0));
#1177=VERTEX_POINT('',#1176);
#1178=CARTESIAN_POINT('',(-1.75E0,-4.15E0,0.E0));
#1179=VERTEX_POINT('',#1178);
#1180=CARTESIAN_POINT('',(-3.05E0,-4.5E0,-1.E0));
#1181=CARTESIAN_POINT('',(-1.95E0,-4.5E0,-1.E0));
#1182=VERTEX_POINT('',#1180);
#1183=VERTEX_POINT('',#1181);
#1184=CARTESIAN_POINT('',(3.E0,-5.E-1,-2.48E0));
#1185=CARTESIAN_POINT('',(2.75E0,-2.5E-1,-1.48E0));
#1186=VERTEX_POINT('',#1184);
#1187=VERTEX_POINT('',#1185);
#1188=CARTESIAN_POINT('',(2.75E0,2.5E-1,-1.48E0));
#1189=VERTEX_POINT('',#1188);
#1190=CARTESIAN_POINT('',(3.E0,5.E-1,-2.48E0));
#1191=VERTEX_POINT('',#1190);
#1192=CARTESIAN_POINT('',(2.E0,5.E-1,-2.48E0));
#1193=CARTESIAN_POINT('',(2.25E0,2.5E-1,-1.48E0));
#1194=VERTEX_POINT('',#1192);
#1195=VERTEX_POINT('',#1193);
#1196=CARTESIAN_POINT('',(2.25E0,-2.5E-1,-1.48E0));
#1197=VERTEX_POINT('',#1196);
#1198=CARTESIAN_POINT('',(2.E0,-5.E-1,-2.48E0));
#1199=VERTEX_POINT('',#1198);
#1200=CARTESIAN_POINT('',(3.E0,6.35E0,-9.5E0));
#1201=CARTESIAN_POINT('',(2.75E0,7.35E0,-9.75E0));
#1202=VERTEX_POINT('',#1200);
#1203=VERTEX_POINT('',#1201);
#1204=CARTESIAN_POINT('',(2.75E0,7.35E0,-1.025E1));
#1205=VERTEX_POINT('',#1204);
#1206=CARTESIAN_POINT('',(3.E0,6.35E0,-1.05E1));
#1207=VERTEX_POINT('',#1206);
#1208=CARTESIAN_POINT('',(2.E0,6.35E0,-1.05E1));
#1209=CARTESIAN_POINT('',(2.25E0,7.35E0,-1.025E1));
#1210=VERTEX_POINT('',#1208);
#1211=VERTEX_POINT('',#1209);
#1212=CARTESIAN_POINT('',(2.25E0,7.35E0,-9.75E0));
#1213=VERTEX_POINT('',#1212);
#1214=CARTESIAN_POINT('',(2.E0,6.35E0,-9.5E0));
#1215=VERTEX_POINT('',#1214);
#1216=CARTESIAN_POINT('',(-2.E0,-5.E-1,-2.48E0));
#1217=CARTESIAN_POINT('',(-2.25E0,-2.5E-1,-1.48E0));
#1218=VERTEX_POINT('',#1216);
#1219=VERTEX_POINT('',#1217);
#1220=CARTESIAN_POINT('',(-2.25E0,2.5E-1,-1.48E0));
#1221=VERTEX_POINT('',#1220);
#1222=CARTESIAN_POINT('',(-2.E0,5.E-1,-2.48E0));
#1223=VERTEX_POINT('',#1222);
#1224=CARTESIAN_POINT('',(-3.E0,5.E-1,-2.48E0));
#1225=CARTESIAN_POINT('',(-2.75E0,2.5E-1,-1.48E0));
#1226=VERTEX_POINT('',#1224);
#1227=VERTEX_POINT('',#1225);
#1228=CARTESIAN_POINT('',(-2.75E0,-2.5E-1,-1.48E0));
#1229=VERTEX_POINT('',#1228);
#1230=CARTESIAN_POINT('',(-3.E0,-5.E-1,-2.48E0));
#1231=VERTEX_POINT('',#1230);
#1232=CARTESIAN_POINT('',(-2.E0,6.35E0,-9.5E0));
#1233=CARTESIAN_POINT('',(-2.25E0,7.35E0,-9.75E0));
#1234=VERTEX_POINT('',#1232);
#1235=VERTEX_POINT('',#1233);
#1236=CARTESIAN_POINT('',(-2.25E0,7.35E0,-1.025E1));
#1237=VERTEX_POINT('',#1236);
#1238=CARTESIAN_POINT('',(-2.E0,6.35E0,-1.05E1));
#1239=VERTEX_POINT('',#1238);
#1240=CARTESIAN_POINT('',(-3.E0,6.35E0,-1.05E1));
#1241=CARTESIAN_POINT('',(-2.75E0,7.35E0,-1.025E1));
#1242=VERTEX_POINT('',#1240);
#1243=VERTEX_POINT('',#1241);
#1244=CARTESIAN_POINT('',(-2.75E0,7.35E0,-9.75E0));
#1245=VERTEX_POINT('',#1244);
#1246=CARTESIAN_POINT('',(-3.E0,6.35E0,-9.5E0));
#1247=VERTEX_POINT('',#1246);
#1248=CARTESIAN_POINT('',(4.05E0,-3.75E0,-1.2E1));
#1249=CARTESIAN_POINT('',(4.05E0,3.85E0,-1.2E1));
#1250=VERTEX_POINT('',#1248);
#1251=VERTEX_POINT('',#1249);
#1252=CARTESIAN_POINT('',(-4.05E0,-3.75E0,-1.2E1));
#1253=CARTESIAN_POINT('',(-4.05E0,3.85E0,-1.2E1));
#1254=VERTEX_POINT('',#1252);
#1255=VERTEX_POINT('',#1253);
#1256=CARTESIAN_POINT('',(4.05E0,-3.75E0,-1.15E1));
#1257=CARTESIAN_POINT('',(4.05E0,3.35E0,-1.15E1));
#1258=VERTEX_POINT('',#1256);
#1259=VERTEX_POINT('',#1257);
#1260=CARTESIAN_POINT('',(-4.05E0,-3.75E0,-1.15E1));
#1261=VERTEX_POINT('',#1260);
#1262=CARTESIAN_POINT('',(-4.05E0,3.35E0,-1.15E1));
#1263=VERTEX_POINT('',#1262);
#1264=CARTESIAN_POINT('',(-5.E0,0.E0,0.E0));
#1265=DIRECTION('',(1.E0,0.E0,0.E0));
#1266=DIRECTION('',(0.E0,1.E0,0.E0));
#1267=AXIS2_PLACEMENT_3D('',#1264,#1265,#1266);
#1268=PLANE('',#1267);
#1270=ORIENTED_EDGE('',*,*,#1269,.T.);
#1272=ORIENTED_EDGE('',*,*,#1271,.T.);
#1274=ORIENTED_EDGE('',*,*,#1273,.T.);
#1276=ORIENTED_EDGE('',*,*,#1275,.T.);
#1278=ORIENTED_EDGE('',*,*,#1277,.T.);
#1280=ORIENTED_EDGE('',*,*,#1279,.T.);
#1282=ORIENTED_EDGE('',*,*,#1281,.T.);
#1284=ORIENTED_EDGE('',*,*,#1283,.T.);
#1286=ORIENTED_EDGE('',*,*,#1285,.T.);
#1288=ORIENTED_EDGE('',*,*,#1287,.T.);
#1290=ORIENTED_EDGE('',*,*,#1289,.T.);
#1292=ORIENTED_EDGE('',*,*,#1291,.T.);
#1294=ORIENTED_EDGE('',*,*,#1293,.T.);
#1296=ORIENTED_EDGE('',*,*,#1295,.T.);
#1298=ORIENTED_EDGE('',*,*,#1297,.T.);
#1299=EDGE_LOOP('',(#1270,#1272,#1274,#1276,#1278,#1280,#1282,#1284,#1286,#1288,
#1290,#1292,#1294,#1296,#1298));
#1300=FACE_OUTER_BOUND('',#1299,.F.);
#1301=ADVANCED_FACE('',(#1300),#1268,.F.);
#1302=CARTESIAN_POINT('',(-5.E0,2.68E0,0.E0));
#1303=DIRECTION('',(0.E0,-9.867058655782E-1,1.625162602129E-1));
#1304=DIRECTION('',(0.E0,-1.625162602129E-1,-9.867058655782E-1));
#1305=AXIS2_PLACEMENT_3D('',#1302,#1303,#1304);
#1306=PLANE('',#1305);
#1308=ORIENTED_EDGE('',*,*,#1307,.T.);
#1310=ORIENTED_EDGE('',*,*,#1309,.T.);
#1312=ORIENTED_EDGE('',*,*,#1311,.T.);
#1314=ORIENTED_EDGE('',*,*,#1313,.F.);
#1315=EDGE_LOOP('',(#1308,#1310,#1312,#1314));
#1316=FACE_OUTER_BOUND('',#1315,.F.);
#1317=ADVANCED_FACE('',(#1316),#1306,.T.);
#1318=CARTESIAN_POINT('',(-5.E0,2.68E0,0.E0));
#1319=DIRECTION('',(0.E0,-9.867058655782E-1,1.625162602129E-1));
#1320=DIRECTION('',(0.E0,-1.625162602129E-1,-9.867058655782E-1));
#1321=AXIS2_PLACEMENT_3D('',#1318,#1319,#1320);
#1322=PLANE('',#1321);
#1324=ORIENTED_EDGE('',*,*,#1323,.T.);
#1326=ORIENTED_EDGE('',*,*,#1325,.T.);
#1328=ORIENTED_EDGE('',*,*,#1327,.T.);
#1330=ORIENTED_EDGE('',*,*,#1329,.F.);
#1331=EDGE_LOOP('',(#1324,#1326,#1328,#1330));
#1332=FACE_OUTER_BOUND('',#1331,.F.);
#1333=ADVANCED_FACE('',(#1332),#1322,.T.);
#1334=CARTESIAN_POINT('',(-5.E0,2.68E0,0.E0));
#1335=DIRECTION('',(0.E0,-9.867058655782E-1,1.625162602129E-1));
#1336=DIRECTION('',(0.E0,-1.625162602129E-1,-9.867058655782E-1));
#1337=AXIS2_PLACEMENT_3D('',#1334,#1335,#1336);
#1338=PLANE('',#1337);
#1340=ORIENTED_EDGE('',*,*,#1339,.T.);
#1342=ORIENTED_EDGE('',*,*,#1341,.F.);
#1343=ORIENTED_EDGE('',*,*,#1269,.F.);
#1345=ORIENTED_EDGE('',*,*,#1344,.T.);
#1346=EDGE_LOOP('',(#1340,#1342,#1343,#1345));
#1347=FACE_OUTER_BOUND('',#1346,.F.);
#1348=ADVANCED_FACE('',(#1347),#1338,.T.);
#1349=CARTESIAN_POINT('',(2.5E0,0.E0,0.E0));
#1350=DIRECTION('',(0.E0,0.E0,1.E0));
#1351=DIRECTION('',(1.E0,0.E0,0.E0));
#1352=AXIS2_PLACEMENT_3D('',#1349,#1350,#1351);
#1353=CYLINDRICAL_SURFACE('',#1352,3.08E0);
#1354=ORIENTED_EDGE('',*,*,#1307,.F.);
#1356=ORIENTED_EDGE('',*,*,#1355,.F.);
#1358=ORIENTED_EDGE('',*,*,#1357,.T.);
#1360=ORIENTED_EDGE('',*,*,#1359,.T.);
#1361=ORIENTED_EDGE('',*,*,#1327,.F.);
#1363=ORIENTED_EDGE('',*,*,#1362,.F.);
#1364=EDGE_LOOP('',(#1354,#1356,#1358,#1360,#1361,#1363));
#1365=FACE_OUTER_BOUND('',#1364,.F.);
#1366=ADVANCED_FACE('',(#1365),#1353,.F.);
#1367=CARTESIAN_POINT('',(-5.E0,2.4E0,-1.7E0));
#1368=DIRECTION('',(0.E0,-1.E0,0.E0));
#1369=DIRECTION('',(0.E0,0.E0,-1.E0));
#1370=AXIS2_PLACEMENT_3D('',#1367,#1368,#1369);
#1371=PLANE('',#1370);
#1372=ORIENTED_EDGE('',*,*,#1355,.T.);
#1373=ORIENTED_EDGE('',*,*,#1313,.T.);
#1375=ORIENTED_EDGE('',*,*,#1374,.T.);
#1377=ORIENTED_EDGE('',*,*,#1376,.F.);
#1378=EDGE_LOOP('',(#1372,#1373,#1375,#1377));
#1379=FACE_OUTER_BOUND('',#1378,.F.);
#1380=ADVANCED_FACE('',(#1379),#1371,.T.);
#1381=CARTESIAN_POINT('',(-5.E0,2.4E0,-1.7E0));
#1382=DIRECTION('',(0.E0,-1.E0,0.E0));
#1383=DIRECTION('',(0.E0,0.E0,-1.E0));
#1384=AXIS2_PLACEMENT_3D('',#1381,#1382,#1383);
#1385=PLANE('',#1384);
#1387=ORIENTED_EDGE('',*,*,#1386,.T.);
#1388=ORIENTED_EDGE('',*,*,#1329,.T.);
#1389=ORIENTED_EDGE('',*,*,#1359,.F.);
#1391=ORIENTED_EDGE('',*,*,#1390,.F.);
#1392=EDGE_LOOP('',(#1387,#1388,#1389,#1391));
#1393=FACE_OUTER_BOUND('',#1392,.F.);
#1394=ADVANCED_FACE('',(#1393),#1385,.T.);
#1395=CARTESIAN_POINT('',(-5.E0,2.4E0,-1.7E0));
#1396=DIRECTION('',(0.E0,-1.E0,0.E0));
#1397=DIRECTION('',(0.E0,0.E0,-1.E0));
#1398=AXIS2_PLACEMENT_3D('',#1395,#1396,#1397);
#1399=PLANE('',#1398);
#1401=ORIENTED_EDGE('',*,*,#1400,.F.);
#1403=ORIENTED_EDGE('',*,*,#1402,.F.);
#1404=ORIENTED_EDGE('',*,*,#1271,.F.);
#1405=ORIENTED_EDGE('',*,*,#1341,.T.);
#1406=EDGE_LOOP('',(#1401,#1403,#1404,#1405));
#1407=FACE_OUTER_BOUND('',#1406,.F.);
#1408=ADVANCED_FACE('',(#1407),#1399,.T.);
#1409=CARTESIAN_POINT('',(5.E0,0.E0,0.E0));
#1410=DIRECTION('',(1.E0,0.E0,0.E0));
#1411=DIRECTION('',(0.E0,1.E0,0.E0));
#1412=AXIS2_PLACEMENT_3D('',#1409,#1410,#1411);
#1413=PLANE('',#1412);
#1414=ORIENTED_EDGE('',*,*,#1311,.F.);
#1416=ORIENTED_EDGE('',*,*,#1415,.F.);
#1418=ORIENTED_EDGE('',*,*,#1417,.F.);
#1420=ORIENTED_EDGE('',*,*,#1419,.F.);
#1422=ORIENTED_EDGE('',*,*,#1421,.F.);
#1424=ORIENTED_EDGE('',*,*,#1423,.F.);
#1426=ORIENTED_EDGE('',*,*,#1425,.F.);
#1428=ORIENTED_EDGE('',*,*,#1427,.F.);
#1430=ORIENTED_EDGE('',*,*,#1429,.F.);
#1432=ORIENTED_EDGE('',*,*,#1431,.F.);
#1434=ORIENTED_EDGE('',*,*,#1433,.F.);
#1436=ORIENTED_EDGE('',*,*,#1435,.F.);
#1438=ORIENTED_EDGE('',*,*,#1437,.F.);
#1440=ORIENTED_EDGE('',*,*,#1439,.F.);
#1441=ORIENTED_EDGE('',*,*,#1374,.F.);
#1442=EDGE_LOOP('',(#1414,#1416,#1418,#1420,#1422,#1424,#1426,#1428,#1430,#1432,
#1434,#1436,#1438,#1440,#1441));
#1443=FACE_OUTER_BOUND('',#1442,.F.);
#1444=ADVANCED_FACE('',(#1443),#1413,.T.);
#1445=CARTESIAN_POINT('',(-5.E0,3.78E0,0.E0));
#1446=DIRECTION('',(0.E0,0.E0,1.E0));
#1447=DIRECTION('',(0.E0,-1.E0,0.E0));
#1448=AXIS2_PLACEMENT_3D('',#1445,#1446,#1447);
#1449=PLANE('',#1448);
#1451=ORIENTED_EDGE('',*,*,#1450,.T.);
#1452=ORIENTED_EDGE('',*,*,#1344,.F.);
#1453=ORIENTED_EDGE('',*,*,#1297,.F.);
#1455=ORIENTED_EDGE('',*,*,#1454,.T.);
#1456=ORIENTED_EDGE('',*,*,#1415,.T.);
#1457=ORIENTED_EDGE('',*,*,#1309,.F.);
#1458=ORIENTED_EDGE('',*,*,#1362,.T.);
#1459=ORIENTED_EDGE('',*,*,#1325,.F.);
#1460=EDGE_LOOP('',(#1451,#1452,#1453,#1455,#1456,#1457,#1458,#1459));
#1461=FACE_OUTER_BOUND('',#1460,.F.);
#1462=ADVANCED_FACE('',(#1461),#1449,.T.);
#1463=CARTESIAN_POINT('',(-2.5E0,0.E0,0.E0));
#1464=DIRECTION('',(0.E0,0.E0,1.E0));
#1465=DIRECTION('',(1.E0,0.E0,0.E0));
#1466=AXIS2_PLACEMENT_3D('',#1463,#1464,#1465);
#1467=CYLINDRICAL_SURFACE('',#1466,3.08E0);
#1468=ORIENTED_EDGE('',*,*,#1323,.F.);
#1469=ORIENTED_EDGE('',*,*,#1386,.F.);
#1471=ORIENTED_EDGE('',*,*,#1470,.T.);
#1472=ORIENTED_EDGE('',*,*,#1400,.T.);
#1473=ORIENTED_EDGE('',*,*,#1339,.F.);
#1474=ORIENTED_EDGE('',*,*,#1450,.F.);
#1475=EDGE_LOOP('',(#1468,#1469,#1471,#1472,#1473,#1474));
#1476=FACE_OUTER_BOUND('',#1475,.F.);
#1477=ADVANCED_FACE('',(#1476),#1467,.F.);
#1478=CARTESIAN_POINT('',(-5.E0,2.4E0,-8.5E0));
#1479=DIRECTION('',(0.E0,0.E0,1.E0));
#1480=DIRECTION('',(0.E0,-1.E0,0.E0));
#1481=AXIS2_PLACEMENT_3D('',#1478,#1479,#1480);
#1482=PLANE('',#1481);
#1483=ORIENTED_EDGE('',*,*,#1402,.T.);
#1484=ORIENTED_EDGE('',*,*,#1470,.F.);
#1485=ORIENTED_EDGE('',*,*,#1390,.T.);
#1486=ORIENTED_EDGE('',*,*,#1357,.F.);
#1487=ORIENTED_EDGE('',*,*,#1376,.T.);
#1488=ORIENTED_EDGE('',*,*,#1439,.T.);
#1490=ORIENTED_EDGE('',*,*,#1489,.F.);
#1491=ORIENTED_EDGE('',*,*,#1273,.F.);
#1492=EDGE_LOOP('',(#1483,#1484,#1485,#1486,#1487,#1488,#1490,#1491));
#1493=FACE_OUTER_BOUND('',#1492,.F.);
#1495=ORIENTED_EDGE('',*,*,#1494,.F.);
#1497=ORIENTED_EDGE('',*,*,#1496,.F.);
#1498=EDGE_LOOP('',(#1495,#1497));
#1499=FACE_BOUND('',#1498,.F.);
#1501=ORIENTED_EDGE('',*,*,#1500,.F.);
#1503=ORIENTED_EDGE('',*,*,#1502,.F.);
#1504=EDGE_LOOP('',(#1501,#1503));
#1505=FACE_BOUND('',#1504,.F.);
#1506=ADVANCED_FACE('',(#1493,#1499,#1505),#1482,.T.);
#1507=CARTESIAN_POINT('',(-5.E0,-2.8E0,-8.5E0));
#1508=DIRECTION('',(0.E0,1.E0,0.E0));
#1509=DIRECTION('',(0.E0,0.E0,1.E0));
#1510=AXIS2_PLACEMENT_3D('',#1507,#1508,#1509);
#1511=PLANE('',#1510);
#1513=ORIENTED_EDGE('',*,*,#1512,.F.);
#1515=ORIENTED_EDGE('',*,*,#1514,.F.);
#1516=ORIENTED_EDGE('',*,*,#1275,.F.);
#1517=ORIENTED_EDGE('',*,*,#1489,.T.);
#1518=ORIENTED_EDGE('',*,*,#1437,.T.);
#1520=ORIENTED_EDGE('',*,*,#1519,.F.);
#1522=ORIENTED_EDGE('',*,*,#1521,.F.);
#1524=ORIENTED_EDGE('',*,*,#1523,.F.);
#1525=EDGE_LOOP('',(#1513,#1515,#1516,#1517,#1518,#1520,#1522,#1524));
#1526=FACE_OUTER_BOUND('',#1525,.F.);
#1527=ADVANCED_FACE('',(#1526),#1511,.T.);
#1528=CARTESIAN_POINT('',(-3.05E0,-4.5E0,-1.E0));
#1529=DIRECTION('',(0.E0,0.E0,-1.E0));
#1530=DIRECTION('',(1.E0,0.E0,0.E0));
#1531=AXIS2_PLACEMENT_3D('',#1528,#1529,#1530);
#1532=PLANE('',#1531);
#1533=ORIENTED_EDGE('',*,*,#1512,.T.);
#1535=ORIENTED_EDGE('',*,*,#1534,.F.);
#1537=ORIENTED_EDGE('',*,*,#1536,.F.);
#1539=ORIENTED_EDGE('',*,*,#1538,.T.);
#1540=EDGE_LOOP('',(#1533,#1535,#1537,#1539));
#1541=FACE_OUTER_BOUND('',#1540,.F.);
#1542=ADVANCED_FACE('',(#1541),#1532,.F.);
#1543=CARTESIAN_POINT('',(-1.95E0,-4.5E0,-1.E0));
#1544=DIRECTION('',(9.805806756909E-1,0.E0,-1.961161351382E-1));
#1545=DIRECTION('',(1.961161351382E-1,0.E0,9.805806756909E-1));
#1546=AXIS2_PLACEMENT_3D('',#1543,#1544,#1545);
#1547=PLANE('',#1546);
#1549=ORIENTED_EDGE('',*,*,#1548,.T.);
#1551=ORIENTED_EDGE('',*,*,#1550,.T.);
#1553=ORIENTED_EDGE('',*,*,#1552,.T.);
#1554=ORIENTED_EDGE('',*,*,#1534,.T.);
#1555=EDGE_LOOP('',(#1549,#1551,#1553,#1554));
#1556=FACE_OUTER_BOUND('',#1555,.F.);
#1557=ADVANCED_FACE('',(#1556),#1547,.F.);
#1558=CARTESIAN_POINT('',(-5.E0,-2.8E0,-1.E0));
#1559=DIRECTION('',(0.E0,9.438583563660E-1,3.303504247281E-1));
#1560=DIRECTION('',(0.E0,-3.303504247281E-1,9.438583563660E-1));
#1561=AXIS2_PLACEMENT_3D('',#1558,#1559,#1560);
#1562=PLANE('',#1561);
#1564=ORIENTED_EDGE('',*,*,#1563,.F.);
#1565=ORIENTED_EDGE('',*,*,#1519,.T.);
#1566=ORIENTED_EDGE('',*,*,#1435,.T.);
#1568=ORIENTED_EDGE('',*,*,#1567,.F.);
#1569=EDGE_LOOP('',(#1564,#1565,#1566,#1568));
#1570=FACE_OUTER_BOUND('',#1569,.F.);
#1571=ADVANCED_FACE('',(#1570),#1562,.T.);
#1572=CARTESIAN_POINT('',(-5.E0,-2.8E0,-1.E0));
#1573=DIRECTION('',(0.E0,9.438583563660E-1,3.303504247281E-1));
#1574=DIRECTION('',(0.E0,-3.303504247281E-1,9.438583563660E-1));
#1575=AXIS2_PLACEMENT_3D('',#1572,#1573,#1574);
#1576=PLANE('',#1575);
#1578=ORIENTED_EDGE('',*,*,#1577,.T.);
#1580=ORIENTED_EDGE('',*,*,#1579,.F.);
#1581=ORIENTED_EDGE('',*,*,#1277,.F.);
#1582=ORIENTED_EDGE('',*,*,#1514,.T.);
#1583=EDGE_LOOP('',(#1578,#1580,#1581,#1582));
#1584=FACE_OUTER_BOUND('',#1583,.F.);
#1585=ADVANCED_FACE('',(#1584),#1576,.T.);
#1586=CARTESIAN_POINT('',(-5.E0,-2.8E0,-1.E0));
#1587=DIRECTION('',(0.E0,9.438583563660E-1,3.303504247281E-1));
#1588=DIRECTION('',(0.E0,-3.303504247281E-1,9.438583563660E-1));
#1589=AXIS2_PLACEMENT_3D('',#1586,#1587,#1588);
#1590=PLANE('',#1589);
#1591=ORIENTED_EDGE('',*,*,#1548,.F.);
#1592=ORIENTED_EDGE('',*,*,#1523,.T.);
#1594=ORIENTED_EDGE('',*,*,#1593,.T.);
#1596=ORIENTED_EDGE('',*,*,#1595,.F.);
#1597=EDGE_LOOP('',(#1591,#1592,#1594,#1596));
#1598=FACE_OUTER_BOUND('',#1597,.F.);
#1599=ADVANCED_FACE('',(#1598),#1590,.T.);
#1600=CARTESIAN_POINT('',(3.05E0,-4.5E0,-1.E0));
#1601=DIRECTION('',(9.805806756909E-1,0.E0,-1.961161351382E-1));
#1602=DIRECTION('',(1.961161351382E-1,0.E0,9.805806756909E-1));
#1603=AXIS2_PLACEMENT_3D('',#1600,#1601,#1602);
#1604=PLANE('',#1603);
#1606=ORIENTED_EDGE('',*,*,#1605,.T.);
#1607=ORIENTED_EDGE('',*,*,#1563,.T.);
#1609=ORIENTED_EDGE('',*,*,#1608,.T.);
#1611=ORIENTED_EDGE('',*,*,#1610,.T.);
#1612=EDGE_LOOP('',(#1606,#1607,#1609,#1611));
#1613=FACE_OUTER_BOUND('',#1612,.F.);
#1614=ADVANCED_FACE('',(#1613),#1604,.F.);
#1615=CARTESIAN_POINT('',(1.95E0,-4.5E0,-1.E0));
#1616=DIRECTION('',(0.E0,0.E0,-1.E0));
#1617=DIRECTION('',(1.E0,0.E0,0.E0));
#1618=AXIS2_PLACEMENT_3D('',#1615,#1616,#1617);
#1619=PLANE('',#1618);
#1621=ORIENTED_EDGE('',*,*,#1620,.F.);
#1623=ORIENTED_EDGE('',*,*,#1622,.T.);
#1624=ORIENTED_EDGE('',*,*,#1521,.T.);
#1625=ORIENTED_EDGE('',*,*,#1605,.F.);
#1626=EDGE_LOOP('',(#1621,#1623,#1624,#1625));
#1627=FACE_OUTER_BOUND('',#1626,.F.);
#1628=ADVANCED_FACE('',(#1627),#1619,.F.);
#1629=CARTESIAN_POINT('',(-5.E0,-4.5E0,-1.E0));
#1630=DIRECTION('',(0.E0,-1.E0,0.E0));
#1631=DIRECTION('',(0.E0,0.E0,-1.E0));
#1632=AXIS2_PLACEMENT_3D('',#1629,#1630,#1631);
#1633=PLANE('',#1632);
#1634=ORIENTED_EDGE('',*,*,#1536,.T.);
#1636=ORIENTED_EDGE('',*,*,#1635,.T.);
#1637=ORIENTED_EDGE('',*,*,#1620,.T.);
#1639=ORIENTED_EDGE('',*,*,#1638,.T.);
#1640=ORIENTED_EDGE('',*,*,#1429,.T.);
#1642=ORIENTED_EDGE('',*,*,#1641,.F.);
#1643=ORIENTED_EDGE('',*,*,#1283,.F.);
#1645=ORIENTED_EDGE('',*,*,#1644,.T.);
#1646=EDGE_LOOP('',(#1634,#1636,#1637,#1639,#1640,#1642,#1643,#1645));
#1647=FACE_OUTER_BOUND('',#1646,.F.);
#1648=ADVANCED_FACE('',(#1647),#1633,.T.);
#1649=CARTESIAN_POINT('',(-5.E0,-4.15E0,0.E0));
#1650=DIRECTION('',(0.E0,-9.438583563660E-1,3.303504247281E-1));
#1651=DIRECTION('',(0.E0,-3.303504247281E-1,-9.438583563660E-1));
#1652=AXIS2_PLACEMENT_3D('',#1649,#1650,#1651);
#1653=PLANE('',#1652);
#1654=ORIENTED_EDGE('',*,*,#1638,.F.);
#1655=ORIENTED_EDGE('',*,*,#1610,.F.);
#1657=ORIENTED_EDGE('',*,*,#1656,.T.);
#1658=ORIENTED_EDGE('',*,*,#1431,.T.);
#1659=EDGE_LOOP('',(#1654,#1655,#1657,#1658));
#1660=FACE_OUTER_BOUND('',#1659,.F.);
#1661=ADVANCED_FACE('',(#1660),#1653,.T.);
#1662=CARTESIAN_POINT('',(-5.E0,-4.15E0,0.E0));
#1663=DIRECTION('',(0.E0,-9.438583563660E-1,3.303504247281E-1));
#1664=DIRECTION('',(0.E0,-3.303504247281E-1,-9.438583563660E-1));
#1665=AXIS2_PLACEMENT_3D('',#1662,#1663,#1664);
#1666=PLANE('',#1665);
#1668=ORIENTED_EDGE('',*,*,#1667,.T.);
#1669=ORIENTED_EDGE('',*,*,#1644,.F.);
#1670=ORIENTED_EDGE('',*,*,#1281,.F.);
#1672=ORIENTED_EDGE('',*,*,#1671,.T.);
#1673=EDGE_LOOP('',(#1668,#1669,#1670,#1672));
#1674=FACE_OUTER_BOUND('',#1673,.F.);
#1675=ADVANCED_FACE('',(#1674),#1666,.T.);
#1676=CARTESIAN_POINT('',(-5.E0,-4.15E0,0.E0));
#1677=DIRECTION('',(0.E0,-9.438583563660E-1,3.303504247281E-1));
#1678=DIRECTION('',(0.E0,-3.303504247281E-1,-9.438583563660E-1));
#1679=AXIS2_PLACEMENT_3D('',#1676,#1677,#1678);
#1680=PLANE('',#1679);
#1681=ORIENTED_EDGE('',*,*,#1552,.F.);
#1683=ORIENTED_EDGE('',*,*,#1682,.T.);
#1685=ORIENTED_EDGE('',*,*,#1684,.T.);
#1686=ORIENTED_EDGE('',*,*,#1635,.F.);
#1687=EDGE_LOOP('',(#1681,#1683,#1685,#1686));
#1688=FACE_OUTER_BOUND('',#1687,.F.);
#1689=ADVANCED_FACE('',(#1688),#1680,.T.);
#1690=CARTESIAN_POINT('',(-5.E0,-3.15E0,0.E0));
#1691=DIRECTION('',(0.E0,0.E0,1.E0));
#1692=DIRECTION('',(0.E0,-1.E0,0.E0));
#1693=AXIS2_PLACEMENT_3D('',#1690,#1691,#1692);
#1694=PLANE('',#1693);
#1695=ORIENTED_EDGE('',*,*,#1608,.F.);
#1696=ORIENTED_EDGE('',*,*,#1567,.T.);
#1697=ORIENTED_EDGE('',*,*,#1433,.T.);
#1698=ORIENTED_EDGE('',*,*,#1656,.F.);
#1699=EDGE_LOOP('',(#1695,#1696,#1697,#1698));
#1700=FACE_OUTER_BOUND('',#1699,.F.);
#1701=ADVANCED_FACE('',(#1700),#1694,.T.);
#1702=CARTESIAN_POINT('',(-5.E0,-3.15E0,0.E0));
#1703=DIRECTION('',(0.E0,0.E0,1.E0));
#1704=DIRECTION('',(0.E0,-1.E0,0.E0));
#1705=AXIS2_PLACEMENT_3D('',#1702,#1703,#1704);
#1706=PLANE('',#1705);
#1708=ORIENTED_EDGE('',*,*,#1707,.T.);
#1709=ORIENTED_EDGE('',*,*,#1671,.F.);
#1710=ORIENTED_EDGE('',*,*,#1279,.F.);
#1711=ORIENTED_EDGE('',*,*,#1579,.T.);
#1712=EDGE_LOOP('',(#1708,#1709,#1710,#1711));
#1713=FACE_OUTER_BOUND('',#1712,.F.);
#1714=ADVANCED_FACE('',(#1713),#1706,.T.);
#1715=CARTESIAN_POINT('',(-5.E0,-3.15E0,0.E0));
#1716=DIRECTION('',(0.E0,0.E0,1.E0));
#1717=DIRECTION('',(0.E0,-1.E0,0.E0));
#1718=AXIS2_PLACEMENT_3D('',#1715,#1716,#1717);
#1719=PLANE('',#1718);
#1720=ORIENTED_EDGE('',*,*,#1550,.F.);
#1721=ORIENTED_EDGE('',*,*,#1595,.T.);
#1723=ORIENTED_EDGE('',*,*,#1722,.T.);
#1724=ORIENTED_EDGE('',*,*,#1682,.F.);
#1725=EDGE_LOOP('',(#1720,#1721,#1723,#1724));
#1726=FACE_OUTER_BOUND('',#1725,.F.);
#1727=ADVANCED_FACE('',(#1726),#1719,.T.);
#1728=CARTESIAN_POINT('',(-3.25E0,-4.5E0,0.E0));
#1729=DIRECTION('',(-9.805806756909E-1,0.E0,-1.961161351382E-1));
#1730=DIRECTION('',(1.961161351382E-1,0.E0,-9.805806756909E-1));
#1731=AXIS2_PLACEMENT_3D('',#1728,#1729,#1730);
#1732=PLANE('',#1731);
#1733=ORIENTED_EDGE('',*,*,#1577,.F.);
#1734=ORIENTED_EDGE('',*,*,#1538,.F.);
#1735=ORIENTED_EDGE('',*,*,#1667,.F.);
#1736=ORIENTED_EDGE('',*,*,#1707,.F.);
#1737=EDGE_LOOP('',(#1733,#1734,#1735,#1736));
#1738=FACE_OUTER_BOUND('',#1737,.F.);
#1739=ADVANCED_FACE('',(#1738),#1732,.F.);
#1740=CARTESIAN_POINT('',(1.75E0,-4.5E0,0.E0));
#1741=DIRECTION('',(-9.805806756909E-1,0.E0,-1.961161351382E-1));
#1742=DIRECTION('',(1.961161351382E-1,0.E0,-9.805806756909E-1));
#1743=AXIS2_PLACEMENT_3D('',#1740,#1741,#1742);
#1744=PLANE('',#1743);
#1745=ORIENTED_EDGE('',*,*,#1622,.F.);
#1746=ORIENTED_EDGE('',*,*,#1684,.F.);
#1747=ORIENTED_EDGE('',*,*,#1722,.F.);
#1748=ORIENTED_EDGE('',*,*,#1593,.F.);
#1749=EDGE_LOOP('',(#1745,#1746,#1747,#1748));
#1750=FACE_OUTER_BOUND('',#1749,.F.);
#1751=ADVANCED_FACE('',(#1750),#1744,.F.);
#1752=CARTESIAN_POINT('',(-5.E0,-4.5E0,-2.7E0));
#1753=DIRECTION('',(0.E0,0.E0,-1.E0));
#1754=DIRECTION('',(0.E0,1.E0,0.E0));
#1755=AXIS2_PLACEMENT_3D('',#1752,#1753,#1754);
#1756=PLANE('',#1755);
#1757=ORIENTED_EDGE('',*,*,#1285,.F.);
#1758=ORIENTED_EDGE('',*,*,#1641,.T.);
#1759=ORIENTED_EDGE('',*,*,#1427,.T.);
#1761=ORIENTED_EDGE('',*,*,#1760,.F.);
#1762=EDGE_LOOP('',(#1757,#1758,#1759,#1761));
#1763=FACE_OUTER_BOUND('',#1762,.F.);
#1764=ADVANCED_FACE('',(#1763),#1756,.T.);
#1765=CARTESIAN_POINT('',(-5.E0,-3.75E0,-2.7E0));
#1766=DIRECTION('',(0.E0,-1.E0,0.E0));
#1767=DIRECTION('',(0.E0,0.E0,-1.E0));
#1768=AXIS2_PLACEMENT_3D('',#1765,#1766,#1767);
#1769=PLANE('',#1768);
#1771=ORIENTED_EDGE('',*,*,#1770,.T.);
#1773=ORIENTED_EDGE('',*,*,#1772,.F.);
#1775=ORIENTED_EDGE('',*,*,#1774,.F.);
#1776=ORIENTED_EDGE('',*,*,#1287,.F.);
#1777=ORIENTED_EDGE('',*,*,#1760,.T.);
#1778=ORIENTED_EDGE('',*,*,#1425,.T.);
#1780=ORIENTED_EDGE('',*,*,#1779,.F.);
#1782=ORIENTED_EDGE('',*,*,#1781,.F.);
#1784=ORIENTED_EDGE('',*,*,#1783,.T.);
#1786=ORIENTED_EDGE('',*,*,#1785,.F.);
#1788=ORIENTED_EDGE('',*,*,#1787,.F.);
#1790=ORIENTED_EDGE('',*,*,#1789,.T.);
#1791=EDGE_LOOP('',(#1771,#1773,#1775,#1776,#1777,#1778,#1780,#1782,#1784,#1786,
#1788,#1790));
#1792=FACE_OUTER_BOUND('',#1791,.F.);
#1793=ADVANCED_FACE('',(#1792),#1769,.T.);
#1794=CARTESIAN_POINT('',(-2.5E0,0.E0,-1.15E1));
#1795=DIRECTION('',(0.E0,0.E0,-1.E0));
#1796=DIRECTION('',(-1.E0,0.E0,0.E0));
#1797=AXIS2_PLACEMENT_3D('',#1794,#1795,#1796);
#1798=PLANE('',#1797);
#1800=ORIENTED_EDGE('',*,*,#1799,.F.);
#1801=ORIENTED_EDGE('',*,*,#1770,.F.);
#1803=ORIENTED_EDGE('',*,*,#1802,.F.);
#1805=ORIENTED_EDGE('',*,*,#1804,.T.);
#1807=ORIENTED_EDGE('',*,*,#1806,.T.);
#1809=ORIENTED_EDGE('',*,*,#1808,.F.);
#1810=EDGE_LOOP('',(#1800,#1801,#1803,#1805,#1807,#1809));
#1811=FACE_OUTER_BOUND('',#1810,.F.);
#1812=ADVANCED_FACE('',(#1811),#1798,.T.);
#1813=CARTESIAN_POINT('',(-4.05E0,0.E0,0.E0));
#1814=DIRECTION('',(1.E0,0.E0,0.E0));
#1815=DIRECTION('',(0.E0,1.E0,0.E0));
#1816=AXIS2_PLACEMENT_3D('',#1813,#1814,#1815);
#1817=PLANE('',#1816);
#1819=ORIENTED_EDGE('',*,*,#1818,.F.);
#1821=ORIENTED_EDGE('',*,*,#1820,.F.);
#1822=ORIENTED_EDGE('',*,*,#1772,.T.);
#1823=ORIENTED_EDGE('',*,*,#1799,.T.);
#1825=ORIENTED_EDGE('',*,*,#1824,.F.);
#1827=ORIENTED_EDGE('',*,*,#1826,.F.);
#1828=EDGE_LOOP('',(#1819,#1821,#1822,#1823,#1825,#1827));
#1829=FACE_OUTER_BOUND('',#1828,.F.);
#1830=ADVANCED_FACE('',(#1829),#1817,.T.);
#1831=CARTESIAN_POINT('',(-5.E0,3.85E0,-1.2E1));
#1832=DIRECTION('',(0.E0,1.E0,0.E0));
#1833=DIRECTION('',(0.E0,0.E0,1.E0));
#1834=AXIS2_PLACEMENT_3D('',#1831,#1832,#1833);
#1835=PLANE('',#1834);
#1837=ORIENTED_EDGE('',*,*,#1836,.T.);
#1838=ORIENTED_EDGE('',*,*,#1818,.T.);
#1840=ORIENTED_EDGE('',*,*,#1839,.T.);
#1842=ORIENTED_EDGE('',*,*,#1841,.F.);
#1843=ORIENTED_EDGE('',*,*,#1804,.F.);
#1845=ORIENTED_EDGE('',*,*,#1844,.F.);
#1847=ORIENTED_EDGE('',*,*,#1846,.T.);
#1849=ORIENTED_EDGE('',*,*,#1848,.T.);
#1851=ORIENTED_EDGE('',*,*,#1850,.F.);
#1853=ORIENTED_EDGE('',*,*,#1852,.T.);
#1855=ORIENTED_EDGE('',*,*,#1854,.T.);
#1857=ORIENTED_EDGE('',*,*,#1856,.T.);
#1859=ORIENTED_EDGE('',*,*,#1858,.T.);
#1860=ORIENTED_EDGE('',*,*,#1421,.T.);
#1862=ORIENTED_EDGE('',*,*,#1861,.F.);
#1863=ORIENTED_EDGE('',*,*,#1291,.F.);
#1864=EDGE_LOOP('',(#1837,#1838,#1840,#1842,#1843,#1845,#1847,#1849,#1851,#1853,
#1855,#1857,#1859,#1860,#1862,#1863));
#1865=FACE_OUTER_BOUND('',#1864,.F.);
#1866=ADVANCED_FACE('',(#1865),#1835,.T.);
#1867=CARTESIAN_POINT('',(-5.E0,-3.75E0,-1.2E1));
#1868=DIRECTION('',(0.E0,0.E0,-1.E0));
#1869=DIRECTION('',(0.E0,1.E0,0.E0));
#1870=AXIS2_PLACEMENT_3D('',#1867,#1868,#1869);
#1871=PLANE('',#1870);
#1873=ORIENTED_EDGE('',*,*,#1872,.F.);
#1874=ORIENTED_EDGE('',*,*,#1787,.T.);
#1876=ORIENTED_EDGE('',*,*,#1875,.T.);
#1877=ORIENTED_EDGE('',*,*,#1846,.F.);
#1878=EDGE_LOOP('',(#1873,#1874,#1876,#1877));
#1879=FACE_OUTER_BOUND('',#1878,.F.);
#1880=ADVANCED_FACE('',(#1879),#1871,.T.);
#1881=CARTESIAN_POINT('',(-5.E0,-3.75E0,-1.2E1));
#1882=DIRECTION('',(0.E0,0.E0,-1.E0));
#1883=DIRECTION('',(0.E0,1.E0,0.E0));
#1884=AXIS2_PLACEMENT_3D('',#1881,#1882,#1883);
#1885=PLANE('',#1884);
#1886=ORIENTED_EDGE('',*,*,#1858,.F.);
#1888=ORIENTED_EDGE('',*,*,#1887,.F.);
#1889=ORIENTED_EDGE('',*,*,#1779,.T.);
#1890=ORIENTED_EDGE('',*,*,#1423,.T.);
#1891=EDGE_LOOP('',(#1886,#1888,#1889,#1890));
#1892=FACE_OUTER_BOUND('',#1891,.F.);
#1893=ADVANCED_FACE('',(#1892),#1885,.T.);
#1894=CARTESIAN_POINT('',(-5.E0,-3.75E0,-1.2E1));
#1895=DIRECTION('',(0.E0,0.E0,-1.E0));
#1896=DIRECTION('',(0.E0,1.E0,0.E0));
#1897=AXIS2_PLACEMENT_3D('',#1894,#1895,#1896);
#1898=PLANE('',#1897);
#1899=ORIENTED_EDGE('',*,*,#1774,.T.);
#1900=ORIENTED_EDGE('',*,*,#1820,.T.);
#1901=ORIENTED_EDGE('',*,*,#1836,.F.);
#1902=ORIENTED_EDGE('',*,*,#1289,.F.);
#1903=EDGE_LOOP('',(#1899,#1900,#1901,#1902));
#1904=FACE_OUTER_BOUND('',#1903,.F.);
#1905=ADVANCED_FACE('',(#1904),#1898,.T.);
#1906=CARTESIAN_POINT('',(-3.E-1,3.85E0,-1.2E1));
#1907=DIRECTION('',(1.E0,0.E0,0.E0));
#1908=DIRECTION('',(0.E0,-1.E0,0.E0));
#1909=AXIS2_PLACEMENT_3D('',#1906,#1907,#1908);
#1910=PLANE('',#1909);
#1911=ORIENTED_EDGE('',*,*,#1789,.F.);
#1912=ORIENTED_EDGE('',*,*,#1872,.T.);
#1913=ORIENTED_EDGE('',*,*,#1844,.T.);
#1914=ORIENTED_EDGE('',*,*,#1802,.T.);
#1915=EDGE_LOOP('',(#1911,#1912,#1913,#1914));
#1916=FACE_OUTER_BOUND('',#1915,.F.);
#1917=ADVANCED_FACE('',(#1916),#1910,.F.);
#1918=CARTESIAN_POINT('',(3.E-1,-3.75E0,-1.2E1));
#1919=DIRECTION('',(-1.E0,0.E0,0.E0));
#1920=DIRECTION('',(0.E0,1.E0,0.E0));
#1921=AXIS2_PLACEMENT_3D('',#1918,#1919,#1920);
#1922=PLANE('',#1921);
#1923=ORIENTED_EDGE('',*,*,#1785,.T.);
#1925=ORIENTED_EDGE('',*,*,#1924,.T.);
#1926=ORIENTED_EDGE('',*,*,#1848,.F.);
#1927=ORIENTED_EDGE('',*,*,#1875,.F.);
#1928=EDGE_LOOP('',(#1923,#1925,#1926,#1927));
#1929=FACE_OUTER_BOUND('',#1928,.F.);
#1930=ADVANCED_FACE('',(#1929),#1922,.F.);
#1931=CARTESIAN_POINT('',(2.5E0,0.E0,-1.15E1));
#1932=DIRECTION('',(0.E0,0.E0,-1.E0));
#1933=DIRECTION('',(-1.E0,0.E0,0.E0));
#1934=AXIS2_PLACEMENT_3D('',#1931,#1932,#1933);
#1935=PLANE('',#1934);
#1937=ORIENTED_EDGE('',*,*,#1936,.T.);
#1939=ORIENTED_EDGE('',*,*,#1938,.F.);
#1941=ORIENTED_EDGE('',*,*,#1940,.F.);
#1942=ORIENTED_EDGE('',*,*,#1850,.T.);
#1943=ORIENTED_EDGE('',*,*,#1924,.F.);
#1944=ORIENTED_EDGE('',*,*,#1783,.F.);
#1945=EDGE_LOOP('',(#1937,#1939,#1941,#1942,#1943,#1944));
#1946=FACE_OUTER_BOUND('',#1945,.F.);
#1947=ADVANCED_FACE('',(#1946),#1935,.T.);
#1948=CARTESIAN_POINT('',(4.05E0,0.E0,0.E0));
#1949=DIRECTION('',(1.E0,0.E0,0.E0));
#1950=DIRECTION('',(0.E0,1.E0,0.E0));
#1951=AXIS2_PLACEMENT_3D('',#1948,#1949,#1950);
#1952=PLANE('',#1951);
#1954=ORIENTED_EDGE('',*,*,#1953,.T.);
#1955=ORIENTED_EDGE('',*,*,#1936,.F.);
#1956=ORIENTED_EDGE('',*,*,#1781,.T.);
#1957=ORIENTED_EDGE('',*,*,#1887,.T.);
#1958=ORIENTED_EDGE('',*,*,#1856,.F.);
#1960=ORIENTED_EDGE('',*,*,#1959,.T.);
#1961=EDGE_LOOP('',(#1954,#1955,#1956,#1957,#1958,#1960));
#1962=FACE_OUTER_BOUND('',#1961,.F.);
#1963=ADVANCED_FACE('',(#1962),#1952,.F.);
#1964=CARTESIAN_POINT('',(9.5E-1,3.35E0,-9.1E0));
#1965=DIRECTION('',(0.E0,-1.E0,0.E0));
#1966=DIRECTION('',(0.E0,0.E0,-1.E0));
#1967=AXIS2_PLACEMENT_3D('',#1964,#1965,#1966);
#1968=PLANE('',#1967);
#1969=ORIENTED_EDGE('',*,*,#1938,.T.);
#1970=ORIENTED_EDGE('',*,*,#1953,.F.);
#1972=ORIENTED_EDGE('',*,*,#1971,.F.);
#1974=ORIENTED_EDGE('',*,*,#1973,.T.);
#1975=EDGE_LOOP('',(#1969,#1970,#1972,#1974));
#1976=FACE_OUTER_BOUND('',#1975,.F.);
#1978=ORIENTED_EDGE('',*,*,#1977,.F.);
#1980=ORIENTED_EDGE('',*,*,#1979,.T.);
#1982=ORIENTED_EDGE('',*,*,#1981,.T.);
#1984=ORIENTED_EDGE('',*,*,#1983,.F.);
#1985=EDGE_LOOP('',(#1978,#1980,#1982,#1984));
#1986=FACE_BOUND('',#1985,.F.);
#1987=ADVANCED_FACE('',(#1976,#1986),#1968,.F.);
#1988=CARTESIAN_POINT('',(2.E0,0.E0,0.E0));
#1989=DIRECTION('',(1.E0,0.E0,0.E0));
#1990=DIRECTION('',(0.E0,1.E0,0.E0));
#1991=AXIS2_PLACEMENT_3D('',#1988,#1989,#1990);
#1992=PLANE('',#1991);
#1994=ORIENTED_EDGE('',*,*,#1993,.F.);
#1996=ORIENTED_EDGE('',*,*,#1995,.T.);
#1998=ORIENTED_EDGE('',*,*,#1997,.F.);
#2000=ORIENTED_EDGE('',*,*,#1999,.T.);
#2001=EDGE_LOOP('',(#1994,#1996,#1998,#2000));
#2002=FACE_OUTER_BOUND('',#2001,.F.);
#2003=ADVANCED_FACE('',(#2002),#1992,.F.);
#2004=CARTESIAN_POINT('',(2.E0,0.E0,0.E0));
#2005=DIRECTION('',(1.E0,0.E0,0.E0));
#2006=DIRECTION('',(0.E0,1.E0,0.E0));
#2007=AXIS2_PLACEMENT_3D('',#2004,#2005,#2006);
#2008=PLANE('',#2007);
#2010=ORIENTED_EDGE('',*,*,#2009,.F.);
#2012=ORIENTED_EDGE('',*,*,#2011,.T.);
#2013=ORIENTED_EDGE('',*,*,#1977,.T.);
#2015=ORIENTED_EDGE('',*,*,#2014,.T.);
#2016=EDGE_LOOP('',(#2010,#2012,#2013,#2015));
#2017=FACE_OUTER_BOUND('',#2016,.F.);
#2018=ADVANCED_FACE('',(#2017),#2008,.F.);
#2019=CARTESIAN_POINT('',(2.125E0,0.E0,-1.98E0));
#2020=DIRECTION('',(-9.701425001453E-1,0.E0,2.425356250363E-1));
#2021=DIRECTION('',(0.E0,-1.E0,0.E0));
#2022=AXIS2_PLACEMENT_3D('',#2019,#2020,#2021);
#2023=PLANE('',#2022);
#2025=ORIENTED_EDGE('',*,*,#2024,.T.);
#2027=ORIENTED_EDGE('',*,*,#2026,.F.);
#2029=ORIENTED_EDGE('',*,*,#2028,.T.);
#2030=ORIENTED_EDGE('',*,*,#1993,.T.);
#2031=EDGE_LOOP('',(#2025,#2027,#2029,#2030));
#2032=FACE_OUTER_BOUND('',#2031,.F.);
#2033=ADVANCED_FACE('',(#2032),#2023,.T.);
#2034=CARTESIAN_POINT('',(2.E0,5.E-1,-2.48E0));
#2035=DIRECTION('',(0.E0,9.701425001453E-1,2.425356250363E-1));
#2036=DIRECTION('',(0.E0,-2.425356250363E-1,9.701425001453E-1));
#2037=AXIS2_PLACEMENT_3D('',#2034,#2035,#2036);
#2038=PLANE('',#2037);
#2040=ORIENTED_EDGE('',*,*,#2039,.F.);
#2042=ORIENTED_EDGE('',*,*,#2041,.F.);
#2043=ORIENTED_EDGE('',*,*,#2024,.F.);
#2045=ORIENTED_EDGE('',*,*,#2044,.T.);
#2046=EDGE_LOOP('',(#2040,#2042,#2043,#2045));
#2047=FACE_OUTER_BOUND('',#2046,.F.);
#2048=ADVANCED_FACE('',(#2047),#2038,.T.);
#2049=CARTESIAN_POINT('',(2.875E0,0.E0,-1.98E0));
#2050=DIRECTION('',(9.701425001453E-1,0.E0,2.425356250363E-1));
#2051=DIRECTION('',(0.E0,-1.E0,0.E0));
#2052=AXIS2_PLACEMENT_3D('',#2049,#2050,#2051);
#2053=PLANE('',#2052);
#2055=ORIENTED_EDGE('',*,*,#2054,.T.);
#2057=ORIENTED_EDGE('',*,*,#2056,.F.);
#2058=ORIENTED_EDGE('',*,*,#2039,.T.);
#2060=ORIENTED_EDGE('',*,*,#2059,.T.);
#2061=EDGE_LOOP('',(#2055,#2057,#2058,#2060));
#2062=FACE_OUTER_BOUND('',#2061,.F.);
#2063=ADVANCED_FACE('',(#2062),#2053,.T.);
#2064=CARTESIAN_POINT('',(2.E0,-2.5E-1,-1.48E0));
#2065=DIRECTION('',(0.E0,-9.701425001453E-1,2.425356250363E-1));
#2066=DIRECTION('',(0.E0,-2.425356250363E-1,-9.701425001453E-1));
#2067=AXIS2_PLACEMENT_3D('',#2064,#2065,#2066);
#2068=PLANE('',#2067);
#2069=ORIENTED_EDGE('',*,*,#2054,.F.);
#2071=ORIENTED_EDGE('',*,*,#2070,.F.);
#2072=ORIENTED_EDGE('',*,*,#2028,.F.);
#2074=ORIENTED_EDGE('',*,*,#2073,.T.);
#2075=EDGE_LOOP('',(#2069,#2071,#2072,#2074));
#2076=FACE_OUTER_BOUND('',#2075,.F.);
#2077=ADVANCED_FACE('',(#2076),#2068,.T.);
#2078=CARTESIAN_POINT('',(2.E0,-5.E-1,-2.48E0));
#2079=DIRECTION('',(0.E0,-1.E0,0.E0));
#2080=DIRECTION('',(0.E0,0.E0,-1.E0));
#2081=AXIS2_PLACEMENT_3D('',#2078,#2079,#2080);
#2082=PLANE('',#2081);
#2083=ORIENTED_EDGE('',*,*,#2070,.T.);
#2085=ORIENTED_EDGE('',*,*,#2084,.T.);
#2087=ORIENTED_EDGE('',*,*,#2086,.F.);
#2088=ORIENTED_EDGE('',*,*,#1995,.F.);
#2089=EDGE_LOOP('',(#2083,#2085,#2087,#2088));
#2090=FACE_OUTER_BOUND('',#2089,.F.);
#2091=ADVANCED_FACE('',(#2090),#2082,.T.);
#2092=CARTESIAN_POINT('',(3.E0,0.E0,0.E0));
#2093=DIRECTION('',(1.E0,0.E0,0.E0));
#2094=DIRECTION('',(0.E0,1.E0,0.E0));
#2095=AXIS2_PLACEMENT_3D('',#2092,#2093,#2094);
#2096=PLANE('',#2095);
#2097=ORIENTED_EDGE('',*,*,#2059,.F.);
#2099=ORIENTED_EDGE('',*,*,#2098,.F.);
#2101=ORIENTED_EDGE('',*,*,#2100,.T.);
#2102=ORIENTED_EDGE('',*,*,#2084,.F.);
#2103=EDGE_LOOP('',(#2097,#2099,#2101,#2102));
#2104=FACE_OUTER_BOUND('',#2103,.F.);
#2105=ADVANCED_FACE('',(#2104),#2096,.T.);
#2106=CARTESIAN_POINT('',(3.E0,0.E0,0.E0));
#2107=DIRECTION('',(1.E0,0.E0,0.E0));
#2108=DIRECTION('',(0.E0,1.E0,0.E0));
#2109=AXIS2_PLACEMENT_3D('',#2106,#2107,#2108);
#2110=PLANE('',#2109);
#2112=ORIENTED_EDGE('',*,*,#2111,.F.);
#2114=ORIENTED_EDGE('',*,*,#2113,.F.);
#2115=ORIENTED_EDGE('',*,*,#1981,.F.);
#2117=ORIENTED_EDGE('',*,*,#2116,.F.);
#2118=EDGE_LOOP('',(#2112,#2114,#2115,#2117));
#2119=FACE_OUTER_BOUND('',#2118,.F.);
#2120=ADVANCED_FACE('',(#2119),#2110,.T.);
#2121=CARTESIAN_POINT('',(2.E0,5.E-1,-8.9E0));
#2122=DIRECTION('',(0.E0,1.E0,0.E0));
#2123=DIRECTION('',(0.E0,0.E0,1.E0));
#2124=AXIS2_PLACEMENT_3D('',#2121,#2122,#2123);
#2125=PLANE('',#2124);
#2126=ORIENTED_EDGE('',*,*,#2044,.F.);
#2127=ORIENTED_EDGE('',*,*,#1999,.F.);
#2129=ORIENTED_EDGE('',*,*,#2128,.T.);
#2130=ORIENTED_EDGE('',*,*,#2098,.T.);
#2131=EDGE_LOOP('',(#2126,#2127,#2129,#2130));
#2132=FACE_OUTER_BOUND('',#2131,.F.);
#2133=ADVANCED_FACE('',(#2132),#2125,.T.);
#2134=CARTESIAN_POINT('',(2.5E0,0.E0,-7.68E0));
#2135=DIRECTION('',(0.E0,0.E0,-1.E0));
#2136=DIRECTION('',(0.E0,-1.E0,0.E0));
#2137=AXIS2_PLACEMENT_3D('',#2134,#2135,#2136);
#2138=PLANE('',#2137);
#2140=ORIENTED_EDGE('',*,*,#2139,.F.);
#2142=ORIENTED_EDGE('',*,*,#2141,.T.);
#2143=EDGE_LOOP('',(#2140,#2142));
#2144=FACE_OUTER_BOUND('',#2143,.F.);
#2145=ORIENTED_EDGE('',*,*,#1997,.T.);
#2146=ORIENTED_EDGE('',*,*,#2086,.T.);
#2147=ORIENTED_EDGE('',*,*,#2100,.F.);
#2148=ORIENTED_EDGE('',*,*,#2128,.F.);
#2149=EDGE_LOOP('',(#2145,#2146,#2147,#2148));
#2150=FACE_BOUND('',#2149,.F.);
#2151=ADVANCED_FACE('',(#2144,#2150),#2138,.F.);
#2152=CARTESIAN_POINT('',(2.5E0,0.E0,-8.09E0));
#2153=DIRECTION('',(0.E0,0.E0,-1.E0));
#2154=DIRECTION('',(0.E0,-1.E0,0.E0));
#2155=AXIS2_PLACEMENT_3D('',#2152,#2153,#2154);
#2156=CONICAL_SURFACE('',#2155,1.2025E0,2.281803373678E1);
#2157=ORIENTED_EDGE('',*,*,#1496,.T.);
#2159=ORIENTED_EDGE('',*,*,#2158,.T.);
#2160=ORIENTED_EDGE('',*,*,#2139,.T.);
#2162=ORIENTED_EDGE('',*,*,#2161,.F.);
#2163=EDGE_LOOP('',(#2157,#2159,#2160,#2162));
#2164=FACE_OUTER_BOUND('',#2163,.F.);
#2165=ADVANCED_FACE('',(#2164),#2156,.T.);
#2166=CARTESIAN_POINT('',(2.5E0,0.E0,-8.09E0));
#2167=DIRECTION('',(0.E0,0.E0,-1.E0));
#2168=DIRECTION('',(0.E0,-1.E0,0.E0));
#2169=AXIS2_PLACEMENT_3D('',#2166,#2167,#2168);
#2170=CONICAL_SURFACE('',#2169,1.2025E0,2.281803373678E1);
#2171=ORIENTED_EDGE('',*,*,#1494,.T.);
#2172=ORIENTED_EDGE('',*,*,#2161,.T.);
#2173=ORIENTED_EDGE('',*,*,#2141,.F.);
#2174=ORIENTED_EDGE('',*,*,#2158,.F.);
#2175=EDGE_LOOP('',(#2171,#2172,#2173,#2174));
#2176=FACE_OUTER_BOUND('',#2175,.F.);
#2177=ADVANCED_FACE('',(#2176),#2170,.T.);
#2178=CARTESIAN_POINT('',(2.875E0,6.85E0,-1.E1));
#2179=DIRECTION('',(9.701425001453E-1,2.425356250363E-1,0.E0));
#2180=DIRECTION('',(0.E0,0.E0,-1.E0));
#2181=AXIS2_PLACEMENT_3D('',#2178,#2179,#2180);
#2182=PLANE('',#2181);
#2184=ORIENTED_EDGE('',*,*,#2183,.T.);
#2186=ORIENTED_EDGE('',*,*,#2185,.F.);
#2188=ORIENTED_EDGE('',*,*,#2187,.T.);
#2189=ORIENTED_EDGE('',*,*,#2111,.T.);
#2190=EDGE_LOOP('',(#2184,#2186,#2188,#2189));
#2191=FACE_OUTER_BOUND('',#2190,.F.);
#2192=ADVANCED_FACE('',(#2191),#2182,.T.);
#2193=CARTESIAN_POINT('',(2.E0,7.35E0,-9.75E0));
#2194=DIRECTION('',(0.E0,2.425356250363E-1,9.701425001453E-1));
#2195=DIRECTION('',(0.E0,-9.701425001453E-1,2.425356250363E-1));
#2196=AXIS2_PLACEMENT_3D('',#2193,#2194,#2195);
#2197=PLANE('',#2196);
#2198=ORIENTED_EDGE('',*,*,#2183,.F.);
#2200=ORIENTED_EDGE('',*,*,#2199,.F.);
#2202=ORIENTED_EDGE('',*,*,#2201,.F.);
#2204=ORIENTED_EDGE('',*,*,#2203,.T.);
#2205=EDGE_LOOP('',(#2198,#2200,#2202,#2204));
#2206=FACE_OUTER_BOUND('',#2205,.F.);
#2207=ADVANCED_FACE('',(#2206),#2197,.T.);
#2208=CARTESIAN_POINT('',(2.E0,6.35E0,-9.5E0));
#2209=DIRECTION('',(0.E0,0.E0,1.E0));
#2210=DIRECTION('',(0.E0,-1.E0,0.E0));
#2211=AXIS2_PLACEMENT_3D('',#2208,#2209,#2210);
#2212=PLANE('',#2211);
#2213=ORIENTED_EDGE('',*,*,#2199,.T.);
#2214=ORIENTED_EDGE('',*,*,#2116,.T.);
#2215=ORIENTED_EDGE('',*,*,#1979,.F.);
#2216=ORIENTED_EDGE('',*,*,#2011,.F.);
#2217=EDGE_LOOP('',(#2213,#2214,#2215,#2216));
#2218=FACE_OUTER_BOUND('',#2217,.F.);
#2219=ADVANCED_FACE('',(#2218),#2212,.T.);
#2220=CARTESIAN_POINT('',(2.125E0,6.85E0,-1.E1));
#2221=DIRECTION('',(-9.701425001453E-1,2.425356250363E-1,0.E0));
#2222=DIRECTION('',(0.E0,0.E0,-1.E0));
#2223=AXIS2_PLACEMENT_3D('',#2220,#2221,#2222);
#2224=PLANE('',#2223);
#2226=ORIENTED_EDGE('',*,*,#2225,.T.);
#2228=ORIENTED_EDGE('',*,*,#2227,.F.);
#2229=ORIENTED_EDGE('',*,*,#2201,.T.);
#2230=ORIENTED_EDGE('',*,*,#2009,.T.);
#2231=EDGE_LOOP('',(#2226,#2228,#2229,#2230));
#2232=FACE_OUTER_BOUND('',#2231,.F.);
#2233=ADVANCED_FACE('',(#2232),#2224,.T.);
#2234=CARTESIAN_POINT('',(2.E0,6.35E0,-1.05E1));
#2235=DIRECTION('',(0.E0,2.425356250363E-1,-9.701425001453E-1));
#2236=DIRECTION('',(0.E0,9.701425001453E-1,2.425356250363E-1));
#2237=AXIS2_PLACEMENT_3D('',#2234,#2235,#2236);
#2238=PLANE('',#2237);
#2239=ORIENTED_EDGE('',*,*,#2187,.F.);
#2241=ORIENTED_EDGE('',*,*,#2240,.F.);
#2242=ORIENTED_EDGE('',*,*,#2225,.F.);
#2244=ORIENTED_EDGE('',*,*,#2243,.T.);
#2245=EDGE_LOOP('',(#2239,#2241,#2242,#2244));
#2246=FACE_OUTER_BOUND('',#2245,.F.);
#2247=ADVANCED_FACE('',(#2246),#2238,.T.);
#2248=CARTESIAN_POINT('',(2.E0,7.35E0,-1.025E1));
#2249=DIRECTION('',(0.E0,1.E0,0.E0));
#2250=DIRECTION('',(0.E0,0.E0,1.E0));
#2251=AXIS2_PLACEMENT_3D('',#2248,#2249,#2250);
#2252=PLANE('',#2251);
#2253=ORIENTED_EDGE('',*,*,#2185,.T.);
#2254=ORIENTED_EDGE('',*,*,#2203,.F.);
#2255=ORIENTED_EDGE('',*,*,#2227,.T.);
#2256=ORIENTED_EDGE('',*,*,#2240,.T.);
#2257=EDGE_LOOP('',(#2253,#2254,#2255,#2256));
#2258=FACE_OUTER_BOUND('',#2257,.F.);
#2259=ADVANCED_FACE('',(#2258),#2252,.T.);
#2260=CARTESIAN_POINT('',(2.E0,1.1E0,-1.05E1));
#2261=DIRECTION('',(0.E0,0.E0,-1.E0));
#2262=DIRECTION('',(0.E0,1.E0,0.E0));
#2263=AXIS2_PLACEMENT_3D('',#2260,#2261,#2262);
#2264=PLANE('',#2263);
#2265=ORIENTED_EDGE('',*,*,#2243,.F.);
#2266=ORIENTED_EDGE('',*,*,#2014,.F.);
#2267=ORIENTED_EDGE('',*,*,#1983,.T.);
#2268=ORIENTED_EDGE('',*,*,#2113,.T.);
#2269=EDGE_LOOP('',(#2265,#2266,#2267,#2268));
#2270=FACE_OUTER_BOUND('',#2269,.F.);
#2271=ADVANCED_FACE('',(#2270),#2264,.T.);
#2272=CARTESIAN_POINT('',(2.E0,2.5E-1,-1.48E0));
#2273=DIRECTION('',(0.E0,0.E0,1.E0));
#2274=DIRECTION('',(0.E0,-1.E0,0.E0));
#2275=AXIS2_PLACEMENT_3D('',#2272,#2273,#2274);
#2276=PLANE('',#2275);
#2277=ORIENTED_EDGE('',*,*,#2056,.T.);
#2278=ORIENTED_EDGE('',*,*,#2073,.F.);
#2279=ORIENTED_EDGE('',*,*,#2026,.T.);
#2280=ORIENTED_EDGE('',*,*,#2041,.T.);
#2281=EDGE_LOOP('',(#2277,#2278,#2279,#2280));
#2282=FACE_OUTER_BOUND('',#2281,.F.);
#2283=ADVANCED_FACE('',(#2282),#2276,.T.);
#2284=CARTESIAN_POINT('',(9.5E-1,3.85E0,-8.1E0));
#2285=DIRECTION('',(0.E0,-8.944271909999E-1,4.472135955E-1));
#2286=DIRECTION('',(0.E0,-4.472135955E-1,-8.944271909999E-1));
#2287=AXIS2_PLACEMENT_3D('',#2284,#2285,#2286);
#2288=PLANE('',#2287);
#2289=ORIENTED_EDGE('',*,*,#1854,.F.);
#2291=ORIENTED_EDGE('',*,*,#2290,.T.);
#2292=ORIENTED_EDGE('',*,*,#1971,.T.);
#2293=ORIENTED_EDGE('',*,*,#1959,.F.);
#2294=EDGE_LOOP('',(#2289,#2291,#2292,#2293));
#2295=FACE_OUTER_BOUND('',#2294,.F.);
#2296=ADVANCED_FACE('',(#2295),#2288,.F.);
#2297=CARTESIAN_POINT('',(9.5E-1,0.E0,0.E0));
#2298=DIRECTION('',(1.E0,0.E0,0.E0));
#2299=DIRECTION('',(0.E0,1.E0,0.E0));
#2300=AXIS2_PLACEMENT_3D('',#2297,#2298,#2299);
#2301=PLANE('',#2300);
#2302=ORIENTED_EDGE('',*,*,#1852,.F.);
#2303=ORIENTED_EDGE('',*,*,#1940,.T.);
#2304=ORIENTED_EDGE('',*,*,#1973,.F.);
#2305=ORIENTED_EDGE('',*,*,#2290,.F.);
#2306=EDGE_LOOP('',(#2302,#2303,#2304,#2305));
#2307=FACE_OUTER_BOUND('',#2306,.F.);
#2308=ADVANCED_FACE('',(#2307),#2301,.T.);
#2309=CARTESIAN_POINT('',(-4.05E0,3.85E0,-8.1E0));
#2310=DIRECTION('',(0.E0,-8.944271909999E-1,4.472135955E-1));
#2311=DIRECTION('',(0.E0,-4.472135955E-1,-8.944271909999E-1));
#2312=AXIS2_PLACEMENT_3D('',#2309,#2310,#2311);
#2313=PLANE('',#2312);
#2314=ORIENTED_EDGE('',*,*,#1839,.F.);
#2315=ORIENTED_EDGE('',*,*,#1826,.T.);
#2317=ORIENTED_EDGE('',*,*,#2316,.T.);
#2319=ORIENTED_EDGE('',*,*,#2318,.F.);
#2320=EDGE_LOOP('',(#2314,#2315,#2317,#2319));
#2321=FACE_OUTER_BOUND('',#2320,.F.);
#2322=ADVANCED_FACE('',(#2321),#2313,.F.);
#2323=CARTESIAN_POINT('',(-4.05E0,3.35E0,-9.1E0));
#2324=DIRECTION('',(0.E0,-1.E0,0.E0));
#2325=DIRECTION('',(0.E0,0.E0,-1.E0));
#2326=AXIS2_PLACEMENT_3D('',#2323,#2324,#2325);
#2327=PLANE('',#2326);
#2328=ORIENTED_EDGE('',*,*,#1808,.T.);
#2330=ORIENTED_EDGE('',*,*,#2329,.F.);
#2331=ORIENTED_EDGE('',*,*,#2316,.F.);
#2332=ORIENTED_EDGE('',*,*,#1824,.T.);
#2333=EDGE_LOOP('',(#2328,#2330,#2331,#2332));
#2334=FACE_OUTER_BOUND('',#2333,.F.);
#2336=ORIENTED_EDGE('',*,*,#2335,.F.);
#2338=ORIENTED_EDGE('',*,*,#2337,.T.);
#2340=ORIENTED_EDGE('',*,*,#2339,.T.);
#2342=ORIENTED_EDGE('',*,*,#2341,.F.);
#2343=EDGE_LOOP('',(#2336,#2338,#2340,#2342));
#2344=FACE_BOUND('',#2343,.F.);
#2345=ADVANCED_FACE('',(#2334,#2344),#2327,.F.);
#2346=CARTESIAN_POINT('',(-3.E0,0.E0,0.E0));
#2347=DIRECTION('',(1.E0,0.E0,0.E0));
#2348=DIRECTION('',(0.E0,1.E0,0.E0));
#2349=AXIS2_PLACEMENT_3D('',#2346,#2347,#2348);
#2350=PLANE('',#2349);
#2352=ORIENTED_EDGE('',*,*,#2351,.F.);
#2354=ORIENTED_EDGE('',*,*,#2353,.T.);
#2356=ORIENTED_EDGE('',*,*,#2355,.F.);
#2358=ORIENTED_EDGE('',*,*,#2357,.T.);
#2359=EDGE_LOOP('',(#2352,#2354,#2356,#2358));
#2360=FACE_OUTER_BOUND('',#2359,.F.);
#2361=ADVANCED_FACE('',(#2360),#2350,.F.);
#2362=CARTESIAN_POINT('',(-3.E0,0.E0,0.E0));
#2363=DIRECTION('',(1.E0,0.E0,0.E0));
#2364=DIRECTION('',(0.E0,1.E0,0.E0));
#2365=AXIS2_PLACEMENT_3D('',#2362,#2363,#2364);
#2366=PLANE('',#2365);
#2368=ORIENTED_EDGE('',*,*,#2367,.F.);
#2370=ORIENTED_EDGE('',*,*,#2369,.T.);
#2371=ORIENTED_EDGE('',*,*,#2335,.T.);
#2373=ORIENTED_EDGE('',*,*,#2372,.T.);
#2374=EDGE_LOOP('',(#2368,#2370,#2371,#2373));
#2375=FACE_OUTER_BOUND('',#2374,.F.);
#2376=ADVANCED_FACE('',(#2375),#2366,.F.);
#2377=CARTESIAN_POINT('',(-2.875E0,0.E0,-1.98E0));
#2378=DIRECTION('',(-9.701425001453E-1,0.E0,2.425356250363E-1));
#2379=DIRECTION('',(0.E0,-1.E0,0.E0));
#2380=AXIS2_PLACEMENT_3D('',#2377,#2378,#2379);
#2381=PLANE('',#2380);
#2383=ORIENTED_EDGE('',*,*,#2382,.T.);
#2385=ORIENTED_EDGE('',*,*,#2384,.F.);
#2387=ORIENTED_EDGE('',*,*,#2386,.T.);
#2388=ORIENTED_EDGE('',*,*,#2351,.T.);
#2389=EDGE_LOOP('',(#2383,#2385,#2387,#2388));
#2390=FACE_OUTER_BOUND('',#2389,.F.);
#2391=ADVANCED_FACE('',(#2390),#2381,.T.);
#2392=CARTESIAN_POINT('',(-3.E0,5.E-1,-2.48E0));
#2393=DIRECTION('',(0.E0,9.701425001453E-1,2.425356250363E-1));
#2394=DIRECTION('',(0.E0,-2.425356250363E-1,9.701425001453E-1));
#2395=AXIS2_PLACEMENT_3D('',#2392,#2393,#2394);
#2396=PLANE('',#2395);
#2398=ORIENTED_EDGE('',*,*,#2397,.F.);
#2400=ORIENTED_EDGE('',*,*,#2399,.F.);
#2401=ORIENTED_EDGE('',*,*,#2382,.F.);
#2403=ORIENTED_EDGE('',*,*,#2402,.T.);
#2404=EDGE_LOOP('',(#2398,#2400,#2401,#2403));
#2405=FACE_OUTER_BOUND('',#2404,.F.);
#2406=ADVANCED_FACE('',(#2405),#2396,.T.);
#2407=CARTESIAN_POINT('',(-2.125E0,0.E0,-1.98E0));
#2408=DIRECTION('',(9.701425001453E-1,0.E0,2.425356250363E-1));
#2409=DIRECTION('',(0.E0,-1.E0,0.E0));
#2410=AXIS2_PLACEMENT_3D('',#2407,#2408,#2409);
#2411=PLANE('',#2410);
#2413=ORIENTED_EDGE('',*,*,#2412,.T.);
#2415=ORIENTED_EDGE('',*,*,#2414,.F.);
#2416=ORIENTED_EDGE('',*,*,#2397,.T.);
#2418=ORIENTED_EDGE('',*,*,#2417,.T.);
#2419=EDGE_LOOP('',(#2413,#2415,#2416,#2418));
#2420=FACE_OUTER_BOUND('',#2419,.F.);
#2421=ADVANCED_FACE('',(#2420),#2411,.T.);
#2422=CARTESIAN_POINT('',(-3.E0,-2.5E-1,-1.48E0));
#2423=DIRECTION('',(0.E0,-9.701425001453E-1,2.425356250363E-1));
#2424=DIRECTION('',(0.E0,-2.425356250363E-1,-9.701425001453E-1));
#2425=AXIS2_PLACEMENT_3D('',#2422,#2423,#2424);
#2426=PLANE('',#2425);
#2427=ORIENTED_EDGE('',*,*,#2412,.F.);
#2429=ORIENTED_EDGE('',*,*,#2428,.F.);
#2430=ORIENTED_EDGE('',*,*,#2386,.F.);
#2432=ORIENTED_EDGE('',*,*,#2431,.T.);
#2433=EDGE_LOOP('',(#2427,#2429,#2430,#2432));
#2434=FACE_OUTER_BOUND('',#2433,.F.);
#2435=ADVANCED_FACE('',(#2434),#2426,.T.);
#2436=CARTESIAN_POINT('',(-3.E0,-5.E-1,-2.48E0));
#2437=DIRECTION('',(0.E0,-1.E0,0.E0));
#2438=DIRECTION('',(0.E0,0.E0,-1.E0));
#2439=AXIS2_PLACEMENT_3D('',#2436,#2437,#2438);
#2440=PLANE('',#2439);
#2441=ORIENTED_EDGE('',*,*,#2428,.T.);
#2443=ORIENTED_EDGE('',*,*,#2442,.T.);
#2445=ORIENTED_EDGE('',*,*,#2444,.F.);
#2446=ORIENTED_EDGE('',*,*,#2353,.F.);
#2447=EDGE_LOOP('',(#2441,#2443,#2445,#2446));
#2448=FACE_OUTER_BOUND('',#2447,.F.);
#2449=ADVANCED_FACE('',(#2448),#2440,.T.);
#2450=CARTESIAN_POINT('',(-2.E0,0.E0,0.E0));
#2451=DIRECTION('',(1.E0,0.E0,0.E0));
#2452=DIRECTION('',(0.E0,1.E0,0.E0));
#2453=AXIS2_PLACEMENT_3D('',#2450,#2451,#2452);
#2454=PLANE('',#2453);
#2455=ORIENTED_EDGE('',*,*,#2417,.F.);
#2457=ORIENTED_EDGE('',*,*,#2456,.F.);
#2459=ORIENTED_EDGE('',*,*,#2458,.T.);
#2460=ORIENTED_EDGE('',*,*,#2442,.F.);
#2461=EDGE_LOOP('',(#2455,#2457,#2459,#2460));
#2462=FACE_OUTER_BOUND('',#2461,.F.);
#2463=ADVANCED_FACE('',(#2462),#2454,.T.);
#2464=CARTESIAN_POINT('',(-2.E0,0.E0,0.E0));
#2465=DIRECTION('',(1.E0,0.E0,0.E0));
#2466=DIRECTION('',(0.E0,1.E0,0.E0));
#2467=AXIS2_PLACEMENT_3D('',#2464,#2465,#2466);
#2468=PLANE('',#2467);
#2470=ORIENTED_EDGE('',*,*,#2469,.F.);
#2472=ORIENTED_EDGE('',*,*,#2471,.F.);
#2473=ORIENTED_EDGE('',*,*,#2339,.F.);
#2475=ORIENTED_EDGE('',*,*,#2474,.F.);
#2476=EDGE_LOOP('',(#2470,#2472,#2473,#2475));
#2477=FACE_OUTER_BOUND('',#2476,.F.);
#2478=ADVANCED_FACE('',(#2477),#2468,.T.);
#2479=CARTESIAN_POINT('',(-3.E0,5.E-1,-8.9E0));
#2480=DIRECTION('',(0.E0,1.E0,0.E0));
#2481=DIRECTION('',(0.E0,0.E0,1.E0));
#2482=AXIS2_PLACEMENT_3D('',#2479,#2480,#2481);
#2483=PLANE('',#2482);
#2484=ORIENTED_EDGE('',*,*,#2402,.F.);
#2485=ORIENTED_EDGE('',*,*,#2357,.F.);
#2487=ORIENTED_EDGE('',*,*,#2486,.T.);
#2488=ORIENTED_EDGE('',*,*,#2456,.T.);
#2489=EDGE_LOOP('',(#2484,#2485,#2487,#2488));
#2490=FACE_OUTER_BOUND('',#2489,.F.);
#2491=ADVANCED_FACE('',(#2490),#2483,.T.);
#2492=CARTESIAN_POINT('',(-2.5E0,0.E0,-7.68E0));
#2493=DIRECTION('',(0.E0,0.E0,-1.E0));
#2494=DIRECTION('',(0.E0,-1.E0,0.E0));
#2495=AXIS2_PLACEMENT_3D('',#2492,#2493,#2494);
#2496=PLANE('',#2495);
#2498=ORIENTED_EDGE('',*,*,#2497,.F.);
#2500=ORIENTED_EDGE('',*,*,#2499,.T.);
#2501=EDGE_LOOP('',(#2498,#2500));
#2502=FACE_OUTER_BOUND('',#2501,.F.);
#2503=ORIENTED_EDGE('',*,*,#2355,.T.);
#2504=ORIENTED_EDGE('',*,*,#2444,.T.);
#2505=ORIENTED_EDGE('',*,*,#2458,.F.);
#2506=ORIENTED_EDGE('',*,*,#2486,.F.);
#2507=EDGE_LOOP('',(#2503,#2504,#2505,#2506));
#2508=FACE_BOUND('',#2507,.F.);
#2509=ADVANCED_FACE('',(#2502,#2508),#2496,.F.);
#2510=CARTESIAN_POINT('',(-2.5E0,0.E0,-8.09E0));
#2511=DIRECTION('',(0.E0,0.E0,-1.E0));
#2512=DIRECTION('',(0.E0,-1.E0,0.E0));
#2513=AXIS2_PLACEMENT_3D('',#2510,#2511,#2512);
#2514=CONICAL_SURFACE('',#2513,1.2025E0,2.281803373678E1);
#2515=ORIENTED_EDGE('',*,*,#1502,.T.);
#2517=ORIENTED_EDGE('',*,*,#2516,.T.);
#2518=ORIENTED_EDGE('',*,*,#2497,.T.);
#2520=ORIENTED_EDGE('',*,*,#2519,.F.);
#2521=EDGE_LOOP('',(#2515,#2517,#2518,#2520));
#2522=FACE_OUTER_BOUND('',#2521,.F.);
#2523=ADVANCED_FACE('',(#2522),#2514,.T.);
#2524=CARTESIAN_POINT('',(-2.5E0,0.E0,-8.09E0));
#2525=DIRECTION('',(0.E0,0.E0,-1.E0));
#2526=DIRECTION('',(0.E0,-1.E0,0.E0));
#2527=AXIS2_PLACEMENT_3D('',#2524,#2525,#2526);
#2528=CONICAL_SURFACE('',#2527,1.2025E0,2.281803373678E1);
#2529=ORIENTED_EDGE('',*,*,#1500,.T.);
#2530=ORIENTED_EDGE('',*,*,#2519,.T.);
#2531=ORIENTED_EDGE('',*,*,#2499,.F.);
#2532=ORIENTED_EDGE('',*,*,#2516,.F.);
#2533=EDGE_LOOP('',(#2529,#2530,#2531,#2532));
#2534=FACE_OUTER_BOUND('',#2533,.F.);
#2535=ADVANCED_FACE('',(#2534),#2528,.T.);
#2536=CARTESIAN_POINT('',(-2.125E0,6.85E0,-1.E1));
#2537=DIRECTION('',(9.701425001453E-1,2.425356250363E-1,0.E0));
#2538=DIRECTION('',(0.E0,0.E0,-1.E0));
#2539=AXIS2_PLACEMENT_3D('',#2536,#2537,#2538);
#2540=PLANE('',#2539);
#2542=ORIENTED_EDGE('',*,*,#2541,.T.);
#2544=ORIENTED_EDGE('',*,*,#2543,.F.);
#2546=ORIENTED_EDGE('',*,*,#2545,.T.);
#2547=ORIENTED_EDGE('',*,*,#2469,.T.);
#2548=EDGE_LOOP('',(#2542,#2544,#2546,#2547));
#2549=FACE_OUTER_BOUND('',#2548,.F.);
#2550=ADVANCED_FACE('',(#2549),#2540,.T.);
#2551=CARTESIAN_POINT('',(-3.E0,7.35E0,-9.75E0));
#2552=DIRECTION('',(0.E0,2.425356250363E-1,9.701425001453E-1));
#2553=DIRECTION('',(0.E0,-9.701425001453E-1,2.425356250363E-1));
#2554=AXIS2_PLACEMENT_3D('',#2551,#2552,#2553);
#2555=PLANE('',#2554);
#2556=ORIENTED_EDGE('',*,*,#2541,.F.);
#2558=ORIENTED_EDGE('',*,*,#2557,.F.);
#2560=ORIENTED_EDGE('',*,*,#2559,.F.);
#2562=ORIENTED_EDGE('',*,*,#2561,.T.);
#2563=EDGE_LOOP('',(#2556,#2558,#2560,#2562));
#2564=FACE_OUTER_BOUND('',#2563,.F.);
#2565=ADVANCED_FACE('',(#2564),#2555,.T.);
#2566=CARTESIAN_POINT('',(-3.E0,6.35E0,-9.5E0));
#2567=DIRECTION('',(0.E0,0.E0,1.E0));
#2568=DIRECTION('',(0.E0,-1.E0,0.E0));
#2569=AXIS2_PLACEMENT_3D('',#2566,#2567,#2568);
#2570=PLANE('',#2569);
#2571=ORIENTED_EDGE('',*,*,#2557,.T.);
#2572=ORIENTED_EDGE('',*,*,#2474,.T.);
#2573=ORIENTED_EDGE('',*,*,#2337,.F.);
#2574=ORIENTED_EDGE('',*,*,#2369,.F.);
#2575=EDGE_LOOP('',(#2571,#2572,#2573,#2574));
#2576=FACE_OUTER_BOUND('',#2575,.F.);
#2577=ADVANCED_FACE('',(#2576),#2570,.T.);
#2578=CARTESIAN_POINT('',(-2.875E0,6.85E0,-1.E1));
#2579=DIRECTION('',(-9.701425001453E-1,2.425356250363E-1,0.E0));
#2580=DIRECTION('',(0.E0,0.E0,-1.E0));
#2581=AXIS2_PLACEMENT_3D('',#2578,#2579,#2580);
#2582=PLANE('',#2581);
#2584=ORIENTED_EDGE('',*,*,#2583,.T.);
#2586=ORIENTED_EDGE('',*,*,#2585,.F.);
#2587=ORIENTED_EDGE('',*,*,#2559,.T.);
#2588=ORIENTED_EDGE('',*,*,#2367,.T.);
#2589=EDGE_LOOP('',(#2584,#2586,#2587,#2588));
#2590=FACE_OUTER_BOUND('',#2589,.F.);
#2591=ADVANCED_FACE('',(#2590),#2582,.T.);
#2592=CARTESIAN_POINT('',(-3.E0,6.35E0,-1.05E1));
#2593=DIRECTION('',(0.E0,2.425356250363E-1,-9.701425001453E-1));
#2594=DIRECTION('',(0.E0,9.701425001453E-1,2.425356250363E-1));
#2595=AXIS2_PLACEMENT_3D('',#2592,#2593,#2594);
#2596=PLANE('',#2595);
#2597=ORIENTED_EDGE('',*,*,#2545,.F.);
#2599=ORIENTED_EDGE('',*,*,#2598,.F.);
#2600=ORIENTED_EDGE('',*,*,#2583,.F.);
#2602=ORIENTED_EDGE('',*,*,#2601,.T.);
#2603=EDGE_LOOP('',(#2597,#2599,#2600,#2602));
#2604=FACE_OUTER_BOUND('',#2603,.F.);
#2605=ADVANCED_FACE('',(#2604),#2596,.T.);
#2606=CARTESIAN_POINT('',(-3.E0,7.35E0,-1.025E1));
#2607=DIRECTION('',(0.E0,1.E0,0.E0));
#2608=DIRECTION('',(0.E0,0.E0,1.E0));
#2609=AXIS2_PLACEMENT_3D('',#2606,#2607,#2608);
#2610=PLANE('',#2609);
#2611=ORIENTED_EDGE('',*,*,#2543,.T.);
#2612=ORIENTED_EDGE('',*,*,#2561,.F.);
#2613=ORIENTED_EDGE('',*,*,#2585,.T.);
#2614=ORIENTED_EDGE('',*,*,#2598,.T.);
#2615=EDGE_LOOP('',(#2611,#2612,#2613,#2614));
#2616=FACE_OUTER_BOUND('',#2615,.F.);
#2617=ADVANCED_FACE('',(#2616),#2610,.T.);
#2618=CARTESIAN_POINT('',(-3.E0,1.1E0,-1.05E1));
#2619=DIRECTION('',(0.E0,0.E0,-1.E0));
#2620=DIRECTION('',(0.E0,1.E0,0.E0));
#2621=AXIS2_PLACEMENT_3D('',#2618,#2619,#2620);
#2622=PLANE('',#2621);
#2623=ORIENTED_EDGE('',*,*,#2601,.F.);
#2624=ORIENTED_EDGE('',*,*,#2372,.F.);
#2625=ORIENTED_EDGE('',*,*,#2341,.T.);
#2626=ORIENTED_EDGE('',*,*,#2471,.T.);
#2627=EDGE_LOOP('',(#2623,#2624,#2625,#2626));
#2628=FACE_OUTER_BOUND('',#2627,.F.);
#2629=ADVANCED_FACE('',(#2628),#2622,.T.);
#2630=CARTESIAN_POINT('',(-3.E0,2.5E-1,-1.48E0));
#2631=DIRECTION('',(0.E0,0.E0,1.E0));
#2632=DIRECTION('',(0.E0,-1.E0,0.E0));
#2633=AXIS2_PLACEMENT_3D('',#2630,#2631,#2632);
#2634=PLANE('',#2633);
#2635=ORIENTED_EDGE('',*,*,#2414,.T.);
#2636=ORIENTED_EDGE('',*,*,#2431,.F.);
#2637=ORIENTED_EDGE('',*,*,#2384,.T.);
#2638=ORIENTED_EDGE('',*,*,#2399,.T.);
#2639=EDGE_LOOP('',(#2635,#2636,#2637,#2638));
#2640=FACE_OUTER_BOUND('',#2639,.F.);
#2641=ADVANCED_FACE('',(#2640),#2634,.T.);
#2642=CARTESIAN_POINT('',(-9.5E-1,0.E0,0.E0));
#2643=DIRECTION('',(1.E0,0.E0,0.E0));
#2644=DIRECTION('',(0.E0,1.E0,0.E0));
#2645=AXIS2_PLACEMENT_3D('',#2642,#2643,#2644);
#2646=PLANE('',#2645);
#2647=ORIENTED_EDGE('',*,*,#1841,.T.);
#2648=ORIENTED_EDGE('',*,*,#2318,.T.);
#2649=ORIENTED_EDGE('',*,*,#2329,.T.);
#2650=ORIENTED_EDGE('',*,*,#1806,.F.);
#2651=EDGE_LOOP('',(#2647,#2648,#2649,#2650));
#2652=FACE_OUTER_BOUND('',#2651,.F.);
#2653=ADVANCED_FACE('',(#2652),#2646,.F.);
#2654=CARTESIAN_POINT('',(-5.E0,3.85E0,-2.6E0));
#2655=DIRECTION('',(0.E0,0.E0,1.E0));
#2656=DIRECTION('',(0.E0,-1.E0,0.E0));
#2657=AXIS2_PLACEMENT_3D('',#2654,#2655,#2656);
#2658=PLANE('',#2657);
#2659=ORIENTED_EDGE('',*,*,#1293,.F.);
#2660=ORIENTED_EDGE('',*,*,#1861,.T.);
#2661=ORIENTED_EDGE('',*,*,#1419,.T.);
#2663=ORIENTED_EDGE('',*,*,#2662,.F.);
#2664=EDGE_LOOP('',(#2659,#2660,#2661,#2663));
#2665=FACE_OUTER_BOUND('',#2664,.F.);
#2666=ADVANCED_FACE('',(#2665),#2658,.T.);
#2667=CARTESIAN_POINT('',(-5.E0,3.78E0,-2.6E0));
#2668=DIRECTION('',(0.E0,1.E0,0.E0));
#2669=DIRECTION('',(0.E0,0.E0,1.E0));
#2670=AXIS2_PLACEMENT_3D('',#2667,#2668,#2669);
#2671=PLANE('',#2670);
#2672=ORIENTED_EDGE('',*,*,#1295,.F.);
#2673=ORIENTED_EDGE('',*,*,#2662,.T.);
#2674=ORIENTED_EDGE('',*,*,#1417,.T.);
#2675=ORIENTED_EDGE('',*,*,#1454,.F.);
#2676=EDGE_LOOP('',(#2672,#2673,#2674,#2675));
#2677=FACE_OUTER_BOUND('',#2676,.F.);
#2678=ADVANCED_FACE('',(#2677),#2671,.T.);
#2679=CLOSED_SHELL('',(#1301,#1317,#1333,#1348,#1366,#1380,#1394,#1408,#1444,
#1462,#1477,#1506,#1527,#1542,#1557,#1571,#1585,#1599,#1614,#1628,#1648,#1661,
#1675,#1689,#1701,#1714,#1727,#1739,#1751,#1764,#1793,#1812,#1830,#1866,#1880,
#1893,#1905,#1917,#1930,#1947,#1963,#1987,#2003,#2018,#2033,#2048,#2063,#2077,
#2091,#2105,#2120,#2133,#2151,#2165,#2177,#2192,#2207,#2219,#2233,#2247,#2259,
#2271,#2283,#2296,#2308,#2322,#2345,#2361,#2376,#2391,#2406,#2421,#2435,#2449,
#2463,#2478,#2491,#2509,#2523,#2535,#2550,#2565,#2577,#2591,#2605,#2617,#2629,
#2641,#2653,#2666,#2678));
#2680=MANIFOLD_SOLID_BREP('',#2679);
#2681=(LENGTH_UNIT()NAMED_UNIT(*)SI_UNIT(.MILLI.,.METRE.));
#2682=DIMENSIONAL_EXPONENTS(0.E0,0.E0,0.E0,0.E0,0.E0,0.E0,0.E0);
#2683=(NAMED_UNIT(*)PLANE_ANGLE_UNIT()SI_UNIT($,.RADIAN.));
#2684=PLANE_ANGLE_MEASURE_WITH_UNIT(PLANE_ANGLE_MEASURE(1.745329251994E-2),
#2683);
#2685=(CONVERSION_BASED_UNIT('DEGREE',#2684)NAMED_UNIT(#2682)PLANE_ANGLE_UNIT(
));
#2686=(NAMED_UNIT(*)SI_UNIT($,.STERADIAN.)SOLID_ANGLE_UNIT());
#2687=UNCERTAINTY_MEASURE_WITH_UNIT(LENGTH_MEASURE(1.960591101722E-3),#2681,
'closure',
'Maximum model space distance between geometric entities at asserted connectivities');
#2688=(GEOMETRIC_REPRESENTATION_CONTEXT(3)GLOBAL_UNCERTAINTY_ASSIGNED_CONTEXT((
#2687))GLOBAL_UNIT_ASSIGNED_CONTEXT((#2681,#2685,#2686))REPRESENTATION_CONTEXT(
'ID1','3'));
#2690=APPLICATION_CONTEXT(
'CONFIGURATION CONTROLLED 3D DESIGNS OF MECHANICAL PARTS AND ASSEMBLIES');
#2691=APPLICATION_PROTOCOL_DEFINITION('international standard',
'ccd_cla_gvp_ast_asd',1995,#2690);
#2692=DESIGN_CONTEXT('',#2690,'design');
#2693=MECHANICAL_CONTEXT('',#2690,'mechanical');
#2694=PRODUCT('C-0282812-02-3','C-0282812-02-3','NOT SPECIFIED',(#2693));
#2695=PRODUCT_DEFINITION_FORMATION_WITH_SPECIFIED_SOURCE('1','LAST_VERSION',
#2694,.MADE.);
#2702=(LENGTH_UNIT()NAMED_UNIT(*)SI_UNIT(.MILLI.,.METRE.));
#2703=DERIVED_UNIT_ELEMENT(#2702,2.E0);
#2704=DERIVED_UNIT((#2703));
#2705=MEASURE_REPRESENTATION_ITEM('surface area measure',AREA_MEASURE(
7.669756397565E2),#2704);
#2709=(LENGTH_UNIT()NAMED_UNIT(*)SI_UNIT(.MILLI.,.METRE.));
#2710=DERIVED_UNIT_ELEMENT(#2709,3.E0);
#2711=DERIVED_UNIT((#2710));
#2712=MEASURE_REPRESENTATION_ITEM('volume measure',VOLUME_MEASURE(
4.390696671671E2),#2711);
#2716=CARTESIAN_POINT('centre point',(-1.016138036025E-7,-2.548915997202E-2,
-7.398441985309E0));
#2721=PRODUCT_CATEGORY('part','');
#2722=PRODUCT_RELATED_PRODUCT_CATEGORY('detail','',(#2694));
#2723=PRODUCT_CATEGORY_RELATIONSHIP('','',#2721,#2722);
#2724=SECURITY_CLASSIFICATION_LEVEL('unclassified');
#2725=SECURITY_CLASSIFICATION('','',#2724);
#2726=CC_DESIGN_SECURITY_CLASSIFICATION(#2725,(#2695));
#2727=APPROVAL_STATUS('approved');
#2728=APPROVAL(#2727,'');
#2729=CC_DESIGN_APPROVAL(#2728,(#2725,#2695,#2696));
#2730=CALENDAR_DATE(107,12,11);
#2731=COORDINATED_UNIVERSAL_TIME_OFFSET(5,0,.BEHIND.);
#2732=LOCAL_TIME(15,9,5.2E1,#2731);
#2733=DATE_AND_TIME(#2730,#2732);
#2734=APPROVAL_DATE_TIME(#2733,#2728);
#2735=DATE_TIME_ROLE('creation_date');
#2736=CC_DESIGN_DATE_AND_TIME_ASSIGNMENT(#2733,#2735,(#2696));
#2737=DATE_TIME_ROLE('classification_date');
#2738=CC_DESIGN_DATE_AND_TIME_ASSIGNMENT(#2733,#2737,(#2725));
#2739=PERSON('UNSPECIFIED','UNSPECIFIED',$,$,$,$);
#2740=ORGANIZATION('UNSPECIFIED','UNSPECIFIED','UNSPECIFIED');
#2741=PERSON_AND_ORGANIZATION(#2739,#2740);
#2742=APPROVAL_ROLE('approver');
#2743=APPROVAL_PERSON_ORGANIZATION(#2741,#2728,#2742);
#2744=PERSON_AND_ORGANIZATION_ROLE('creator');
#2745=CC_DESIGN_PERSON_AND_ORGANIZATION_ASSIGNMENT(#2741,#2744,(#2695,#2696));
#2746=PERSON_AND_ORGANIZATION_ROLE('design_supplier');
#2747=CC_DESIGN_PERSON_AND_ORGANIZATION_ASSIGNMENT(#2741,#2746,(#2695));
#2748=PERSON_AND_ORGANIZATION_ROLE('classification_officer');
#2749=CC_DESIGN_PERSON_AND_ORGANIZATION_ASSIGNMENT(#2741,#2748,(#2725));
#2750=PERSON_AND_ORGANIZATION_ROLE('design_owner');
#2751=CC_DESIGN_PERSON_AND_ORGANIZATION_ASSIGNMENT(#2741,#2750,(#2694));
#136=B_SPLINE_CURVE_WITH_KNOTS('',3,(#132,#133,#134,#135),.UNSPECIFIED.,.F.,.F.,
(4,4),(0.E0,1.E0),.UNSPECIFIED.);
#145=B_SPLINE_CURVE_WITH_KNOTS('',3,(#141,#142,#143,#144),.UNSPECIFIED.,.F.,.F.,
(4,4),(0.E0,1.E0),.UNSPECIFIED.);
#154=B_SPLINE_CURVE_WITH_KNOTS('',3,(#150,#151,#152,#153),.UNSPECIFIED.,.F.,.F.,
(4,4),(0.E0,1.E0),.UNSPECIFIED.);
#159=B_SPLINE_CURVE_WITH_KNOTS('',3,(#155,#156,#157,#158),.UNSPECIFIED.,.F.,.F.,
(4,4),(0.E0,1.E0),.UNSPECIFIED.);
#256=CIRCLE('',#255,3.08E0);
#265=CIRCLE('',#264,3.08E0);
#274=CIRCLE('',#273,3.08E0);
#283=CIRCLE('',#282,3.08E0);
#292=CIRCLE('',#291,1.375E0);
#297=CIRCLE('',#296,1.375E0);
#302=CIRCLE('',#301,1.375E0);
#307=CIRCLE('',#306,1.375E0);
#700=CIRCLE('',#699,1.03E0);
#705=CIRCLE('',#704,1.03E0);
#890=CIRCLE('',#889,1.03E0);
#895=CIRCLE('',#894,1.03E0);
#1269=EDGE_CURVE('',#990,#991,#75,.T.);
#1271=EDGE_CURVE('',#991,#993,#79,.T.);
#1273=EDGE_CURVE('',#993,#995,#83,.T.);
#1275=EDGE_CURVE('',#995,#997,#87,.T.);
#1277=EDGE_CURVE('',#997,#999,#91,.T.);
#1279=EDGE_CURVE('',#999,#1001,#95,.T.);
#1281=EDGE_CURVE('',#1001,#1003,#99,.T.);
#1283=EDGE_CURVE('',#1003,#1005,#103,.T.);
#1285=EDGE_CURVE('',#1005,#1007,#107,.T.);
#1287=EDGE_CURVE('',#1007,#1009,#111,.T.);
#1289=EDGE_CURVE('',#1009,#1011,#115,.T.);
#1291=EDGE_CURVE('',#1011,#1013,#119,.T.);
#1293=EDGE_CURVE('',#1013,#1015,#123,.T.);
#1295=EDGE_CURVE('',#1015,#1017,#127,.T.);
#1297=EDGE_CURVE('',#1017,#990,#131,.T.);
#1307=EDGE_CURVE('',#1048,#1049,#136,.T.);
#1309=EDGE_CURVE('',#1049,#1020,#140,.T.);
#1311=EDGE_CURVE('',#1020,#1021,#195,.T.);
#1313=EDGE_CURVE('',#1048,#1021,#171,.T.);
#1323=EDGE_CURVE('',#1056,#1057,#145,.T.);
#1325=EDGE_CURVE('',#1057,#1050,#149,.T.);
#1327=EDGE_CURVE('',#1050,#1051,#154,.T.);
#1329=EDGE_CURVE('',#1056,#1051,#179,.T.);
#1339=EDGE_CURVE('',#1058,#1059,#159,.T.);
#1341=EDGE_CURVE('',#991,#1059,#191,.T.);
#1344=EDGE_CURVE('',#990,#1058,#163,.T.);
#1355=EDGE_CURVE('',#1053,#1048,#167,.T.);
#1357=EDGE_CURVE('',#1053,#1055,#283,.T.);
#1359=EDGE_CURVE('',#1055,#1051,#183,.T.);
#1362=EDGE_CURVE('',#1049,#1050,#265,.T.);
#1374=EDGE_CURVE('',#1021,#1023,#251,.T.);
#1376=EDGE_CURVE('',#1053,#1023,#287,.T.);
#1386=EDGE_CURVE('',#1061,#1056,#175,.T.);
#1390=EDGE_CURVE('',#1061,#1055,#278,.T.);
#1400=EDGE_CURVE('',#1063,#1059,#187,.T.);
#1402=EDGE_CURVE('',#993,#1063,#269,.T.);
#1415=EDGE_CURVE('',#1047,#1020,#199,.T.);
#1417=EDGE_CURVE('',#1045,#1047,#203,.T.);
#1419=EDGE_CURVE('',#1043,#1045,#207,.T.);
#1421=EDGE_CURVE('',#1041,#1043,#211,.T.);
#1423=EDGE_CURVE('',#1039,#1041,#215,.T.);
#1425=EDGE_CURVE('',#1037,#1039,#219,.T.);
#1427=EDGE_CURVE('',#1035,#1037,#223,.T.);
#1429=EDGE_CURVE('',#1033,#1035,#227,.T.);
#1431=EDGE_CURVE('',#1031,#1033,#231,.T.);
#1433=EDGE_CURVE('',#1029,#1031,#235,.T.);
#1435=EDGE_CURVE('',#1027,#1029,#239,.T.);
#1437=EDGE_CURVE('',#1025,#1027,#243,.T.);
#1439=EDGE_CURVE('',#1023,#1025,#247,.T.);
#1450=EDGE_CURVE('',#1057,#1058,#256,.T.);
#1454=EDGE_CURVE('',#1017,#1047,#260,.T.);
#1470=EDGE_CURVE('',#1061,#1063,#274,.T.);
#1489=EDGE_CURVE('',#995,#1025,#315,.T.);
#1494=EDGE_CURVE('',#1070,#1071,#292,.T.);
#1496=EDGE_CURVE('',#1071,#1070,#297,.T.);
#1500=EDGE_CURVE('',#1078,#1079,#302,.T.);
#1502=EDGE_CURVE('',#1079,#1078,#307,.T.);
#1512=EDGE_CURVE('',#1170,#1171,#311,.T.);
#1514=EDGE_CURVE('',#997,#1170,#343,.T.);
#1519=EDGE_CURVE('',#1159,#1027,#335,.T.);
#1521=EDGE_CURVE('',#1157,#1159,#319,.T.);
#1523=EDGE_CURVE('',#1171,#1157,#351,.T.);
#1534=EDGE_CURVE('',#1183,#1171,#327,.T.);
#1536=EDGE_CURVE('',#1182,#1183,#367,.T.);
#1538=EDGE_CURVE('',#1182,#1170,#323,.T.);
#1548=EDGE_CURVE('',#1171,#1175,#347,.T.);
#1550=EDGE_CURVE('',#1175,#1179,#431,.T.);
#1552=EDGE_CURVE('',#1179,#1183,#403,.T.);
#1563=EDGE_CURVE('',#1159,#1163,#331,.T.);
#1567=EDGE_CURVE('',#1163,#1029,#419,.T.);
#1577=EDGE_CURVE('',#1170,#1173,#339,.T.);
#1579=EDGE_CURVE('',#999,#1173,#427,.T.);
#1593=EDGE_CURVE('',#1157,#1161,#355,.T.);
#1595=EDGE_CURVE('',#1175,#1161,#435,.T.);
#1605=EDGE_CURVE('',#1155,#1159,#359,.T.);
#1608=EDGE_CURVE('',#1163,#1167,#415,.T.);
#1610=EDGE_CURVE('',#1167,#1155,#387,.T.);
#1620=EDGE_CURVE('',#1154,#1155,#375,.T.);
#1622=EDGE_CURVE('',#1154,#1157,#363,.T.);
#1635=EDGE_CURVE('',#1183,#1154,#371,.T.);
#1638=EDGE_CURVE('',#1155,#1033,#379,.T.);
#1641=EDGE_CURVE('',#1005,#1035,#443,.T.);
#1644=EDGE_CURVE('',#1003,#1182,#383,.T.);
#1656=EDGE_CURVE('',#1167,#1031,#391,.T.);
#1667=EDGE_CURVE('',#1177,#1182,#395,.T.);
#1671=EDGE_CURVE('',#1001,#1177,#399,.T.);
#1682=EDGE_CURVE('',#1179,#1165,#407,.T.);
#1684=EDGE_CURVE('',#1165,#1154,#411,.T.);
#1707=EDGE_CURVE('',#1173,#1177,#423,.T.);
#1722=EDGE_CURVE('',#1161,#1165,#439,.T.);
#1760=EDGE_CURVE('',#1007,#1037,#455,.T.);
#1770=EDGE_CURVE('',#1091,#1261,#447,.T.);
#1772=EDGE_CURVE('',#1254,#1261,#451,.T.);
#1774=EDGE_CURVE('',#1009,#1254,#575,.T.);
#1779=EDGE_CURVE('',#1250,#1039,#571,.T.);
#1781=EDGE_CURVE('',#1258,#1250,#459,.T.);
#1783=EDGE_CURVE('',#1258,#1083,#463,.T.);
#1785=EDGE_CURVE('',#1082,#1083,#467,.T.);
#1787=EDGE_CURVE('',#1090,#1082,#559,.T.);
#1789=EDGE_CURVE('',#1090,#1091,#471,.T.);
#1799=EDGE_CURVE('',#1261,#1263,#475,.T.);
#1802=EDGE_CURVE('',#1095,#1091,#479,.T.);
#1804=EDGE_CURVE('',#1095,#1114,#519,.T.);
#1806=EDGE_CURVE('',#1114,#1119,#483,.T.);
#1808=EDGE_CURVE('',#1263,#1119,#487,.T.);
#1818=EDGE_CURVE('',#1255,#1117,#507,.T.);
#1820=EDGE_CURVE('',#1254,#1255,#491,.T.);
#1824=EDGE_CURVE('',#1110,#1263,#495,.T.);
#1826=EDGE_CURVE('',#1117,#1110,#499,.T.);
#1836=EDGE_CURVE('',#1011,#1255,#503,.T.);
#1839=EDGE_CURVE('',#1117,#1115,#511,.T.);
#1841=EDGE_CURVE('',#1114,#1115,#515,.T.);
#1844=EDGE_CURVE('',#1093,#1095,#523,.T.);
#1846=EDGE_CURVE('',#1093,#1085,#527,.T.);
#1848=EDGE_CURVE('',#1085,#1087,#531,.T.);
#1850=EDGE_CURVE('',#1102,#1087,#535,.T.);
#1852=EDGE_CURVE('',#1102,#1103,#539,.T.);
#1854=EDGE_CURVE('',#1103,#1105,#543,.T.);
#1856=EDGE_CURVE('',#1105,#1251,#547,.T.);
#1858=EDGE_CURVE('',#1251,#1041,#551,.T.);
#1861=EDGE_CURVE('',#1013,#1043,#983,.T.);
#1872=EDGE_CURVE('',#1090,#1093,#555,.T.);
#1875=EDGE_CURVE('',#1082,#1085,#563,.T.);
#1887=EDGE_CURVE('',#1250,#1251,#567,.T.);
#1924=EDGE_CURVE('',#1083,#1087,#591,.T.);
#1936=EDGE_CURVE('',#1258,#1259,#579,.T.);
#1938=EDGE_CURVE('',#1107,#1259,#583,.T.);
#1940=EDGE_CURVE('',#1102,#1107,#587,.T.);
#1953=EDGE_CURVE('',#1099,#1259,#595,.T.);
#1959=EDGE_CURVE('',#1105,#1099,#599,.T.);
#1971=EDGE_CURVE('',#1098,#1099,#619,.T.);
#1973=EDGE_CURVE('',#1098,#1107,#785,.T.);
#1977=EDGE_CURVE('',#1130,#1131,#603,.T.);
#1979=EDGE_CURVE('',#1130,#1134,#607,.T.);
#1981=EDGE_CURVE('',#1134,#1135,#611,.T.);
#1983=EDGE_CURVE('',#1131,#1135,#615,.T.);
#1993=EDGE_CURVE('',#1199,#1194,#623,.T.);
#1995=EDGE_CURVE('',#1199,#1123,#627,.T.);
#1997=EDGE_CURVE('',#1122,#1123,#709,.T.);
#1999=EDGE_CURVE('',#1122,#1194,#631,.T.);
#2009=EDGE_CURVE('',#1215,#1210,#635,.T.);
#2011=EDGE_CURVE('',#1215,#1130,#639,.T.);
#2014=EDGE_CURVE('',#1131,#1210,#643,.T.);
#2024=EDGE_CURVE('',#1194,#1195,#651,.T.);
#2026=EDGE_CURVE('',#1197,#1195,#777,.T.);
#2028=EDGE_CURVE('',#1197,#1199,#663,.T.);
#2039=EDGE_CURVE('',#1189,#1191,#647,.T.);
#2041=EDGE_CURVE('',#1195,#1189,#781,.T.);
#2044=EDGE_CURVE('',#1194,#1191,#655,.T.);
#2054=EDGE_CURVE('',#1186,#1187,#659,.T.);
#2056=EDGE_CURVE('',#1189,#1187,#773,.T.);
#2059=EDGE_CURVE('',#1191,#1186,#675,.T.);
#2070=EDGE_CURVE('',#1199,#1186,#671,.T.);
#2073=EDGE_CURVE('',#1197,#1187,#667,.T.);
#2084=EDGE_CURVE('',#1186,#1127,#683,.T.);
#2086=EDGE_CURVE('',#1123,#1127,#713,.T.);
#2098=EDGE_CURVE('',#1126,#1191,#679,.T.);
#2100=EDGE_CURVE('',#1126,#1127,#717,.T.);
#2111=EDGE_CURVE('',#1207,#1202,#687,.T.);
#2113=EDGE_CURVE('',#1135,#1207,#691,.T.);
#2116=EDGE_CURVE('',#1202,#1134,#695,.T.);
#2128=EDGE_CURVE('',#1122,#1126,#721,.T.);
#2139=EDGE_CURVE('',#1066,#1067,#700,.T.);
#2141=EDGE_CURVE('',#1066,#1067,#705,.T.);
#2158=EDGE_CURVE('',#1070,#1066,#725,.T.);
#2161=EDGE_CURVE('',#1071,#1067,#729,.T.);
#2183=EDGE_CURVE('',#1202,#1203,#733,.T.);
#2185=EDGE_CURVE('',#1205,#1203,#761,.T.);
#2187=EDGE_CURVE('',#1205,#1207,#749,.T.);
#2199=EDGE_CURVE('',#1215,#1202,#745,.T.);
#2201=EDGE_CURVE('',#1213,#1215,#737,.T.);
#2203=EDGE_CURVE('',#1213,#1203,#741,.T.);
#2225=EDGE_CURVE('',#1210,#1211,#753,.T.);
#2227=EDGE_CURVE('',#1213,#1211,#765,.T.);
#2240=EDGE_CURVE('',#1211,#1205,#769,.T.);
#2243=EDGE_CURVE('',#1210,#1207,#757,.T.);
#2290=EDGE_CURVE('',#1103,#1098,#789,.T.);
#2316=EDGE_CURVE('',#1110,#1111,#809,.T.);
#2318=EDGE_CURVE('',#1115,#1111,#975,.T.);
#2329=EDGE_CURVE('',#1111,#1119,#979,.T.);
#2335=EDGE_CURVE('',#1146,#1147,#793,.T.);
#2337=EDGE_CURVE('',#1146,#1150,#797,.T.);
#2339=EDGE_CURVE('',#1150,#1151,#801,.T.);
#2341=EDGE_CURVE('',#1147,#1151,#805,.T.);
#2351=EDGE_CURVE('',#1231,#1226,#813,.T.);
#2353=EDGE_CURVE('',#1231,#1139,#817,.T.);
#2355=EDGE_CURVE('',#1138,#1139,#899,.T.);
#2357=EDGE_CURVE('',#1138,#1226,#821,.T.);
#2367=EDGE_CURVE('',#1247,#1242,#825,.T.);
#2369=EDGE_CURVE('',#1247,#1146,#829,.T.);
#2372=EDGE_CURVE('',#1147,#1242,#833,.T.);
#2382=EDGE_CURVE('',#1226,#1227,#841,.T.);
#2384=EDGE_CURVE('',#1229,#1227,#967,.T.);
#2386=EDGE_CURVE('',#1229,#1231,#853,.T.);
#2397=EDGE_CURVE('',#1221,#1223,#837,.T.);
#2399=EDGE_CURVE('',#1227,#1221,#971,.T.);
#2402=EDGE_CURVE('',#1226,#1223,#845,.T.);
#2412=EDGE_CURVE('',#1218,#1219,#849,.T.);
#2414=EDGE_CURVE('',#1221,#1219,#963,.T.);
#2417=EDGE_CURVE('',#1223,#1218,#865,.T.);
#2428=EDGE_CURVE('',#1231,#1218,#861,.T.);
#2431=EDGE_CURVE('',#1229,#1219,#857,.T.);
#2442=EDGE_CURVE('',#1218,#1143,#873,.T.);
#2444=EDGE_CURVE('',#1139,#1143,#903,.T.);
#2456=EDGE_CURVE('',#1142,#1223,#869,.T.);
#2458=EDGE_CURVE('',#1142,#1143,#907,.T.);
#2469=EDGE_CURVE('',#1239,#1234,#877,.T.);
#2471=EDGE_CURVE('',#1151,#1239,#881,.T.);
#2474=EDGE_CURVE('',#1234,#1150,#885,.T.);
#2486=EDGE_CURVE('',#1138,#1142,#911,.T.);
#2497=EDGE_CURVE('',#1074,#1075,#890,.T.);
#2499=EDGE_CURVE('',#1074,#1075,#895,.T.);
#2516=EDGE_CURVE('',#1078,#1074,#915,.T.);
#2519=EDGE_CURVE('',#1079,#1075,#919,.T.);
#2541=EDGE_CURVE('',#1234,#1235,#923,.T.);
#2543=EDGE_CURVE('',#1237,#1235,#951,.T.);
#2545=EDGE_CURVE('',#1237,#1239,#939,.T.);
#2557=EDGE_CURVE('',#1247,#1234,#935,.T.);
#2559=EDGE_CURVE('',#1245,#1247,#927,.T.);
#2561=EDGE_CURVE('',#1245,#1235,#931,.T.);
#2583=EDGE_CURVE('',#1242,#1243,#943,.T.);
#2585=EDGE_CURVE('',#1245,#1243,#955,.T.);
#2598=EDGE_CURVE('',#1243,#1237,#959,.T.);
#2601=EDGE_CURVE('',#1242,#1239,#947,.T.);
#2662=EDGE_CURVE('',#1015,#1045,#987,.T.);
#2689=ADVANCED_BREP_SHAPE_REPRESENTATION('',(#2680),#2688);
#2696=PRODUCT_DEFINITION('design','',#2695,#2692);
#2697=PRODUCT_DEFINITION_SHAPE('','SHAPE FOR C-0282812-02-3.',#2696);
#2698=SHAPE_REPRESENTATION('',(#2680),#2688);
#2699=SHAPE_ASPECT('','solid data associated with C-0282812-02-3',#2697,.F.);
#2700=PROPERTY_DEFINITION('',
'shape for solid data with which properties are associated',#2699);
#2701=SHAPE_DEFINITION_REPRESENTATION(#2700,#2698);
#2706=PROPERTY_DEFINITION('geometric_validation_property',
'area of C-0282812-02-3',#2699);
#2707=REPRESENTATION('surface area',(#2705),#2688);
#2708=PROPERTY_DEFINITION_REPRESENTATION(#2706,#2707);
#2713=PROPERTY_DEFINITION('geometric_validation_property',
'volume of C-0282812-02-3',#2699);
#2714=REPRESENTATION('volume',(#2712),#2688);
#2715=PROPERTY_DEFINITION_REPRESENTATION(#2713,#2714);
#2717=PROPERTY_DEFINITION('geometric_validation_property',
'centroid of C-0282812-02-3',#2699);
#2718=REPRESENTATION('centroid',(#2716),#2688);
#2719=PROPERTY_DEFINITION_REPRESENTATION(#2717,#2718);
#2720=SHAPE_DEFINITION_REPRESENTATION(#2697,#2689);
ENDSEC;
END-ISO-10303-21;
